county,township,location_key
南投縣,中寮鄉,314169
南投縣,仁愛鄉,314172
南投縣,信義鄉,314164
南投縣,南投市,314159
南投縣,名間鄉,314174
南投縣,國姓鄉,314161
南投縣,埔里鎮,314160
南投縣,水里鄉,314163
南投縣,竹山鎮,314157
南投縣,草屯鎮,314158
南投縣,集集鎮,314166
南投縣,魚池鄉,314176
南投縣,鹿谷鄉,314162
嘉義市,東區,2515457
嘉義市,西區,2515491
嘉義縣,中埔鄉,312594
嘉義縣,六腳鄉,316324
嘉義縣,大埔鄉,312601
嘉義縣,大林鎮,312596
嘉義縣,太保市,312600
嘉義縣,布袋鎮,312592
嘉義縣,新港鄉,2515449
嘉義縣,朴子市,312588
嘉義縣,東石鄉,312597
嘉義縣,梅山鄉,312595
嘉義縣,民雄鄉,312587
嘉義縣,水上鄉,312590
嘉義縣,溪口鄉,2515466
嘉義縣,番路鄉,2515476
嘉義縣,竹崎鄉,312593
嘉義縣,義竹鄉,2515479
嘉義縣,阿里山鄉,2515504
嘉義縣,鹿草鄉,312598
基隆市,七堵區,312606
基隆市,中山區,2515402
基隆市,中正區,2515404
基隆市,仁愛區,2515408
基隆市,信義區,2515410
基隆市,安樂區,2515438
基隆市,暖暖區,312607
宜蘭縣,三星鄉,316315
宜蘭縣,五結鄉,316320
宜蘭縣,冬山鄉,316305
宜蘭縣,南澳鄉,316321
宜蘭縣,員山鄉,316311
宜蘭縣,壯圍鄉,2515429
宜蘭縣,大同鄉,316319
宜蘭縣,宜蘭市,316306
宜蘭縣,礁溪鄉,316308
宜蘭縣,羅東鎮,316304
宜蘭縣,蘇澳鎮,316307
宜蘭縣,頭城鎮,316310
屏東縣,三地門鄉,2515399
屏東縣,九如鄉,314402
屏東縣,佳冬鄉,314389
屏東縣,來義鄉,2515409
屏東縣,內埔鄉,2515413
屏東縣,南州鄉,2515425
屏東縣,屏東市,314385
屏東縣,崁頂鄉,314407
屏東縣,恆春鎮,314391
屏東縣,新園鄉,2515448
屏東縣,新埤鄉,314405
屏東縣,春日鄉,2515453
屏東縣,東港鎮,314386
屏東縣,枋寮鄉,314390
屏東縣,枋山鄉,314422
屏東縣,林邊鄉,314394
屏東縣,泰武鄉,314414
屏東縣,滿州鄉,314395
屏東縣,潮州鎮,314381
屏東縣,牡丹鄉,2515471
屏東縣,獅子鄉,2515472
屏東縣,琉球鄉,2515473
屏東縣,瑪家鄉,314410
屏東縣,竹田鄉,314403
屏東縣,萬丹鄉,314383
屏東縣,萬巒鄉,314397
屏東縣,車城鄉,314387
屏東縣,里港鄉,314393
屏東縣,長治鄉,2515502
屏東縣,霧臺鄉,2515505
屏東縣,高樹鄉,314392
屏東縣,鹽埔鄉,314398
屏東縣,麟洛鄉,314409
彰化縣,二林鎮,312558
彰化縣,二水鄉,312567
彰化縣,伸港鄉,312582
彰化縣,北斗鎮,312577
彰化縣,和美鎮,312556
彰化縣,員林市,312563
彰化縣,埔心鄉,312579
彰化縣,埔鹽鄉,312581
彰化縣,埤頭鄉,2515428
彰化縣,大城鄉,312584
彰化縣,大村鄉,312585
彰化縣,彰化市,312562
彰化縣,永靖鄉,312586
彰化縣,溪州鄉,2515467
彰化縣,溪湖鎮,312557
彰化縣,田中鎮,312583
彰化縣,田尾鄉,2515475
彰化縣,社頭鄉,312570
彰化縣,福興鄉,312568
彰化縣,秀水鄉,312575
彰化縣,竹塘鄉,312571
彰化縣,線西鄉,312573
彰化縣,芬園鄉,2515481
彰化縣,花壇鄉,312576
彰化縣,芳苑鄉,2515482
彰化縣,鹿港鎮,312559
新北市,三峽區,315042
新北市,三芝區,315051
新北市,三重區,315074
新北市,中和區,315046
新北市,五股區,315065
新北市,八里區,315070
新北市,土城區,315064
新北市,坪林區,315059
新北市,平溪區,315058
新北市,新店區,315045
新北市,新莊區,315053
新北市,板橋區,2515462
新北市,林口區,315048
新北市,樹林區,315062
新北市,永和區,315077
新北市,汐止區,315041
新北市,泰山區,315063
新北市,淡水區,315043
新北市,深坑區,315060
新北市,烏來區,315068
新北市,瑞芳區,315055
新北市,石碇區,315061
新北市,石門區,315049
新北市,萬里區,315052
新北市,蘆洲區,315057
新北市,貢寮區,315056
新北市,金山區,315050
新北市,雙溪區,315069
新北市,鶯歌區,315044
新竹市,北區,2515418
新竹市,東區,2515456
新竹市,香山區,313568
新竹縣,五峰鄉,2515407
新竹縣,北埔鄉,2515421
新竹縣,寶山鄉,313566
新竹縣,尖石鄉,313562
新竹縣,峨眉鄉,313565
新竹縣,新埔鎮,313560
新竹縣,新豐鄉,2515451
新竹縣,橫山鄉,313564
新竹縣,湖口鄉,313559
新竹縣,竹北市,313563
新竹縣,竹東鎮,313558
新竹縣,芎林鄉,2515480
新竹縣,關西鎮,315126
桃園市,中壢區,315124
桃園市,八德區,315119
桃園市,大園區,315116
桃園市,大溪區,315132
桃園市,平鎮區,315123
桃園市,復興區,2515446
桃園市,新屋區,315129
桃園市,桃園區,315125
桃園市,楊梅區,315113
桃園市,蘆竹區,315112
桃園市,觀音區,315114
桃園市,龍潭區,315131
桃園市,龜山區,315130
澎湖縣,七美鄉,2515398
澎湖縣,望安鄉,314364
澎湖縣,湖西鄉,314362
澎湖縣,白沙鄉,2515477
澎湖縣,西嶼鄉,314096
澎湖縣,馬公市,314361
臺中市,中區,2515401
臺中市,北區,2515419
臺中市,北屯區,315039
臺中市,南區,2515423
臺中市,南屯區,315038
臺中市,后里區,315022
臺中市,和平區,315021
臺中市,外埔區,315033
臺中市,大安區,315035
臺中市,大甲區,315019
臺中市,大肚區,315030
臺中市,大里區,2515435
臺中市,大雅區,315031
臺中市,太平區,2515436
臺中市,新社區,315020
臺中市,東勢區,315032
臺中市,東區,2515458
臺中市,梧棲區,315036
臺中市,沙鹿區,315025
臺中市,清水區,315017
臺中市,潭子區,315028
臺中市,烏日區,315034
臺中市,石岡區,315018
臺中市,神岡區,315026
臺中市,西區,2515492
臺中市,西屯區,2515493
臺中市,豐原區,315015
臺中市,霧峰區,315016
臺中市,龍井區,315024
臺北市,中山區,2515403
臺北市,中正區,2515405
臺北市,信義區,2515411
臺北市,內湖區,315072
臺北市,北投區,315073
臺北市,南港區,315071
臺北市,士林區,315075
臺北市,大同區,2515430
臺北市,大安區,2515432
臺北市,文山區,2515447
臺北市,松山區,315076
臺北市,萬華區,2515489
臺南市,七股區,314978
臺南市,下營區,314992
臺南市,中西區,2515406
臺南市,仁德區,314970
臺南市,佳里區,314973
臺南市,六甲區,2515415
臺南市,北區,2515420
臺南市,北門區,314995
臺南市,南化區,314982
臺南市,南區,2515424
臺南市,善化區,314983
臺南市,大內區,314997
臺南市,學甲區,314988
臺南市,安南區,2515437
臺南市,安定區,314977
臺南市,安平區,314998
臺南市,官田區,2515439
臺南市,將軍區,314990
臺南市,山上區,2515440
臺南市,左鎮區,2515442
臺南市,後壁區,2515445
臺南市,新化區,314987
臺南市,新市區,314980
臺南市,新營區,314969
臺南市,東區,2515459
臺南市,東山區,2515460
臺南市,柳營區,314994
臺南市,楠西區,2515464
臺南市,歸仁區,314993
臺南市,永康區,314972
臺南市,玉井區,314989
臺南市,白河區,314971
臺南市,西港區,314991
臺南市,關廟區,2515503
臺南市,鹽水區,314984
臺南市,麻豆區,314975
臺南市,龍崎區,2515510
臺東縣,卑南鄉,315083
臺東縣,大武鄉,315099
臺東縣,太麻里鄉,315084
臺東縣,延平鄉,2515443
臺東縣,成功鎮,315080
臺東縣,東河鄉,315085
臺東縣,池上鄉,315081
臺東縣,海端鄉,315092
臺東縣,綠島鄉,2515478
臺東縣,臺東市,315079
臺東縣,蘭嶼鄉,2515490
臺東縣,達仁鄉,2515496
臺東縣,金峰鄉,2515499
臺東縣,長濱鄉,315089
臺東縣,關山鎮,315087
臺東縣,鹿野鄉,2515508
花蓮縣,光復鄉,313577
花蓮縣,卓溪鄉,313572
花蓮縣,吉安鄉,313569
花蓮縣,壽豐鄉,313578
花蓮縣,富里鄉,313591
花蓮縣,新城鄉,313574
花蓮縣,玉里鎮,313580
花蓮縣,瑞穗鄉,313576
花蓮縣,秀林鄉,313575
花蓮縣,花蓮市,313570
花蓮縣,萬榮鄉,2515488
花蓮縣,豐濱鄉,2515495
花蓮縣,鳳林鎮,313573
苗栗縣,三灣鄉,314095
苗栗縣,三義鄉,314101
苗栗縣,公館鄉,314091
苗栗縣,卓蘭鎮,314090
苗栗縣,南庄鄉,314092
苗栗縣,大湖鄉,314093
苗栗縣,後龍鎮,314086
苗栗縣,泰安鄉,314103
苗栗縣,獅潭鄉,314102
苗栗縣,竹南鎮,314085
苗栗縣,苑裡鎮,314107
苗栗縣,苗栗市,314099
苗栗縣,西湖鄉,2515494
苗栗縣,通霄鎮,314088
苗栗縣,造橋鄉,314106
苗栗縣,銅鑼鄉,314105
苗栗縣,頭份市,314087
苗栗縣,頭屋鄉,314104
連江縣,北竿鄉,2515422
連江縣,南竿鄉,2515426
連江縣,東引鄉,2515461
連江縣,莒光鄉,2515486
金門縣,烈嶼鄉,2515468
金門縣,烏坵鄉,2515469
金門縣,金城鎮,360441
金門縣,金寧鄉,2515498
金門縣,金沙鎮,2515500
金門縣,金湖鎮,2515501
雲林縣,二崙鄉,316329
雲林縣,元長鄉,2515412
雲林縣,北港鎮,312589
雲林縣,口湖鄉,316323
雲林縣,古坑鄉,316330
雲林縣,四湖鄉,316327
雲林縣,土庫鎮,2515427
雲林縣,大埤鄉,2515431
雲林縣,崙背鄉,2515441
雲林縣,斗六市,316333
雲林縣,斗南鎮,316322
雲林縣,東勢鄉,2515455
雲林縣,林內鄉,312569
雲林縣,水林鄉,316326
雲林縣,臺西鄉,316340
雲林縣,莿桐鄉,2515487
雲林縣,虎尾鎮,316339
雲林縣,褒忠鄉,316325
雲林縣,西螺鎮,316337
雲林縣,麥寮鄉,2515509
高雄市,三民區,2515400
高雄市,仁武區,313799
高雄市,內門區,2515414
高雄市,六龜區,313803
高雄市,前金區,2515416
高雄市,前鎮區,2515417
高雄市,大寮區,313792
高雄市,大樹區,2515433
高雄市,大社區,2515434
高雄市,小港區,313796
高雄市,岡山區,313793
高雄市,左營區,313811
高雄市,彌陀區,2515444
高雄市,新興區,2515450
高雄市,旗山區,313787
高雄市,旗津區,2515452
高雄市,杉林區,2515454
高雄市,林園區,313789
高雄市,桃源區,313805
高雄市,梓官區,2515463
高雄市,楠梓區,313810
高雄市,橋頭區,2515465
高雄市,永安區,313808
高雄市,湖內區,313798
高雄市,燕巢區,2515470
高雄市,田寮區,2515474
高雄市,甲仙區,313794
高雄市,美濃區,313791
高雄市,苓雅區,2515483
高雄市,茂林區,2515484
高雄市,茄萣區,2515485
高雄市,路竹區,313790
高雄市,那瑪夏區,2515497
高雄市,阿蓮區,313795
高雄市,鳥松區,2515506
高雄市,鳳山區,313786
高雄市,鹽埕區,2515507
高雄市,鼓山區,313802
