origin,date,p_day,t_day,p_night,t_night,ramp_up,ramp_down
2025-02-04,2025-02-05,28360.531031832834,930,28876.126965667776,1090,895.8468989577581,689.4852983565183
2025-02-04,2025-02-06,28293.23790610418,930,28393.75971238377,1090,895.6709700042828,670.3156957585818
2025-02-04,2025-02-07,28132.16876812809,920,28396.144360805913,1090,853.5001989417958,603.2828458824774
2025-02-12,2025-02-13,29608.07059407842,800,29833.518271004374,1090,1037.3406961583523,761.3217247763232
2025-02-12,2025-02-14,29768.84847614751,820,29391.351392264165,1090,1048.2994319476795,720.5753478385137
2025-02-12,2025-02-15,27729.405215150793,990,27966.843156087358,1090,659.3692575950654,528.642202872574
2025-02-20,2025-02-21,29446.37166380051,850,29336.33348510352,1090,1020.8639565167459,773.729705101669
2025-02-20,2025-02-22,26836.365103475095,1000,27354.783601847485,1090,629.0331844183544,522.2600315136659
2025-02-20,2025-02-23,25598.38955029839,1020,26765.26345709829,1250,522.0271916870767,465.6895790854785
2025-03-01,2025-03-02,25734.67544733534,1010,27127.30630884624,1220,580.631431026945,527.9159543236268
2025-03-01,2025-03-03,31464.259049226544,870,30800.88396806177,1090,1142.9744007047973,681.3157410356664
2025-03-01,2025-03-04,30848.710749257367,840,30107.724430341914,1090,1029.2548556416912,707.4230347547611
2025-03-09,2025-03-10,30119.17153605526,890,29842.892913050036,1090,1075.5355902112435,700.5112651997053
2025-03-09,2025-03-11,30735.652341679484,840,30131.34124036325,1090,1090.8907308305381,749.5214938630504
2025-03-09,2025-03-12,30996.751878093022,830,30342.92424584277,1090,1124.0343632978465,685.6626312586376
2025-03-18,2025-03-19,30181.66665808446,830,29696.40516965742,1100,1120.6524463057472,844.2313710984191
2025-03-18,2025-03-20,29788.195944065326,850,29393.577253039934,1100,1081.2567433677086,841.952166076893
2025-03-18,2025-03-21,29889.335026973677,830,29321.0364468047,1100,1085.0029538718911,833.8851153489729
2025-03-26,2025-03-27,32719.59148306207,850,30756.729052316776,1080,1084.3062667255924,681.500990505617
2025-03-26,2025-03-28,31459.983606969283,840,30020.24530118552,1090,1078.8642428756955,773.5244998887582
2025-03-26,2025-03-29,27920.918085446843,1000,27786.5232044375,1110,608.4979926086335,589.7305290095802
2025-04-04,2025-04-05,26505.77676522907,1000,26717.32493797716,1110,725.3374694522954,601.0690627681377
2025-04-04,2025-04-06,25226.34613798038,1020,26260.177053844884,1210,654.3899420185364,512.9033895284941
2025-04-04,2025-04-07,30193.995953688463,900,29811.2613783975,1100,1007.5653284298023,681.66813000429
2025-04-12,2025-04-13,27377.48228856712,1020,28116.705645975948,1200,621.9515081347115,564.7898886143842
2025-04-12,2025-04-14,31568.729650858284,890,30320.71234394168,1100,1100.607921629986,722.7712801123976
2025-04-12,2025-04-15,32901.62986099624,840,30991.318714868412,1080,1114.2962563714848,714.9528565250821
2025-04-21,2025-04-22,36492.070618836005,840,33607.317555941205,1060,1353.7908912614785,681.9934206198682
2025-04-21,2025-04-23,33862.17215660037,840,31580.345323625177,1050,1242.9826295565754,719.153449231957
2025-04-21,2025-04-24,33328.38434698085,840,31511.19312086774,1060,1181.4160680528737,695.8151708187652
2025-04-29,2025-04-30,33185.6892751448,840,31619.74838680117,1040,1229.9178204889658,744.5639557112182
2025-04-29,2025-05-01,27820.719286376287,1000,29000.659614924036,1110,721.1626536933102,480.4990049973444
2025-04-29,2025-05-02,34311.14955845521,840,32000.30019318686,1040,1308.9419475876766,743.3888429897448
2025-05-08,2025-05-09,33621.11994982355,830,31557.189944007117,1040,1180.8650605311993,742.2224588354453
2025-05-08,2025-05-10,29849.0728328393,960,29428.848128625832,1120,691.7783668052008,611.2874912704788
2025-05-08,2025-05-11,27483.233737321905,1000,28527.308905280075,1220,655.4833997846613,587.5807419347443
2025-05-16,2025-05-17,32898.84497785723,840,31646.230494424646,1120,800.7178982577411,569.8073978116358
2025-05-16,2025-05-18,29497.70572313366,850,29754.27998654326,1230,634.745480435973,550.493762121816
2025-05-16,2025-05-19,37784.521607572984,840,35200.833685139325,1030,1568.1144731512013,658.2359346424374
2025-05-25,2025-05-26,33762.264083747206,840,32104.158395364062,1030,1319.7432761323269,803.5963390278012
2025-05-25,2025-05-27,34023.03721954605,840,31838.33664703966,1030,1247.8292874001088,745.469800287779
2025-05-25,2025-05-28,32933.2418439116,830,31181.646329996238,1030,1225.88361904996,816.7372321476402
2025-06-02,2025-06-03,34245.257234370154,830,31511.90920772888,1030,1222.7395523492203,866.1555307327478
2025-06-02,2025-06-04,33151.03350423955,760,31237.578863870363,1040,1262.6476087967544,777.7072089846522
2025-06-02,2025-06-05,34900.10757917882,830,32490.115098958355,1030,1364.4212018600783,797.8092980250069
2025-06-11,2025-06-12,35672.34278328241,820,33412.18786072737,1030,1240.1913433210261,775.0788961333905
2025-06-11,2025-06-13,34860.96649284557,830,33104.75202022102,1030,1348.2688516294586,742.1082754997723
2025-06-11,2025-06-14,35466.7562172238,840,34481.141087279226,1100,771.3502340188687,587.9782152561932
2025-06-19,2025-06-20,39175.28897275729,830,35986.769981541496,1030,1466.8943768215463,695.5615412193342
2025-06-19,2025-06-21,34655.89951779095,840,34239.69908093405,1090,828.225554001262,565.047327846461
2025-06-19,2025-06-22,33190.92437650527,850,32564.106136014223,1210,669.602603803997,542.1860906828446
2025-06-28,2025-06-29,33297.458523788184,840,34029.15859366662,1210,653.3851964901257,550.2068238196641
2025-06-28,2025-06-30,40418.693765616925,840,36987.78144944797,1030,1553.1729627419868,640.1221801069722
2025-06-28,2025-07-01,40718.016082863986,840,36788.97809622146,1030,1536.166225018862,689.5512733577386
2025-07-06,2025-07-07,38323.80452245292,840,34945.833632418784,1030,1471.0222287258327,749.2077867076194
2025-07-06,2025-07-08,35483.136028986744,830,33960.354981953584,1030,1291.1545096457462,740.1308784524609
2025-07-06,2025-07-09,34962.06723642375,700,32916.12984674958,1040,1273.6441662430025,828.2573065895334
2025-07-15,2025-07-16,39045.594479467036,840,36042.25756210492,1030,1507.3478526436138,686.7695950309017
2025-07-15,2025-07-17,39357.53871462754,840,36188.23690797769,1030,1505.7876380482894,658.0129410191923
2025-07-15,2025-07-18,36601.357986453244,840,33315.99891371593,1030,1398.5808490640154,671.6844652756126
2025-07-23,2025-07-24,35944.8354390724,830,33650.468584361035,1030,1301.461028030549,713.3900865267356
2025-07-23,2025-07-25,36335.08592144789,830,33651.883084765446,1030,1315.345112800043,723.5215359670717
2025-07-23,2025-07-26,33730.70654807127,840,32508.00855483167,1100,772.0568450184945,542.4499747615025
2025-08-01,2025-08-02,32991.05289996201,840,32178.43968692112,1130,632.6148861734586,516.4310370718385
2025-08-01,2025-08-03,30859.46022199932,840,31146.24783769938,1190,639.537121089191,472.94299525610137
2025-08-01,2025-08-04,35475.21564883332,830,33675.84951402402,1030,1382.564640936585,669.8094256199545
2025-08-09,2025-08-10,32203.402729669087,840,32802.20346982352,1200,683.1484764163234,532.0887873686021
2025-08-09,2025-08-11,38990.65425490807,840,35851.026615622686,1030,1590.6716721173066,663.3517775788026
2025-08-09,2025-08-12,37385.741054415616,840,34670.40746409548,1030,1345.3728899021812,660.0968335370151
2025-08-18,2025-08-19,39419.669531126485,840,35546.467589352585,1030,1315.1058531396864,688.0580679652422
2025-08-18,2025-08-20,38823.10204286775,840,35684.20216715305,1030,1458.9531933384474,682.60753235847
2025-08-18,2025-08-21,39212.26966372515,840,36411.69482854842,1030,1436.214824788022,625.5279330628314
2025-08-26,2025-08-27,39830.236256068696,830,36520.64816210516,1030,1491.8247353520196,633.5671530215873
2025-08-26,2025-08-28,39977.74627662354,840,36884.548011719235,1030,1381.9596145205926,687.0870626799805
2025-08-26,2025-08-29,39766.12349878126,830,36513.217274431474,1030,1425.8135243205702,701.7794037636205
2025-09-04,2025-09-05,39712.17780018035,840,36688.494487120646,1030,1456.5993371817253,634.239332989238
2025-09-04,2025-09-06,35054.89761171338,840,34127.827791585856,1130,722.7529815909207,565.1281187974067
2025-09-04,2025-09-07,33254.035217066536,840,32926.991918524574,1190,656.2380182433678,538.6293476372292
2025-09-12,2025-09-13,35442.31219779048,830,33595.566059440636,1120,728.7483345417111,541.117576833518
2025-09-12,2025-09-14,33670.94883648521,840,33196.34878193884,1190,594.4715187354277,500.8661307241286
2025-09-12,2025-09-15,39593.74355525279,840,36693.35640911635,1030,1518.3492149454423,663.1506906415048
2025-09-19,2025-09-20,34976.714864610665,840,33281.943227946256,1130,738.8229617835973,581.2662284674996
2025-09-19,2025-09-21,32980.47652367649,840,31697.351884759075,1190,607.5023284411556,525.6185184860367
2025-09-19,2025-09-22,35977.54793201168,840,33691.596972367115,1030,1415.318091880637,693.9329285803467
2025-09-20,2025-09-21,32846.59802620324,840,32108.135792994315,1180,628.5481176082593,516.1668722963922
2025-09-20,2025-09-22,35423.21502151535,840,33748.291943190845,1030,1338.934233045647,693.5864868500264
2025-09-20,2025-09-23,38086.21267821737,830,34335.8585161102,1040,1360.3428779972771,668.9026630108592
2025-09-21,2025-09-22,36687.14464491899,840,34087.62811538592,1040,1382.688474254549,673.3434088404418
2025-09-21,2025-09-23,38408.12066569659,830,34994.29332677066,1050,1394.950399087695,679.9495351359346
2025-09-21,2025-09-24,39211.208505362796,840,35133.179407174284,1060,1399.9629721929182,689.5566156788898
2025-09-22,2025-09-23,38371.35103862719,830,35401.7957654894,1060,1383.756570598901,702.5096014512422
2025-09-22,2025-09-24,39050.36977715833,840,35282.52332204912,1070,1382.4097628246225,680.2859551606239
2025-09-22,2025-09-25,38245.715210311704,840,35079.99885047084,1040,1425.87074196222,741.8684644913845
2025-09-23,2025-09-24,38749.54898312126,840,35212.36323708337,1070,1362.937572985996,701.7781823713023
2025-09-23,2025-09-25,38468.975069736676,840,35035.503948652644,1050,1366.7272402822973,734.9546791520414
2025-09-23,2025-09-26,38980.17506594567,830,34800.805692335205,1040,1403.277580267509,703.973412756309
2025-09-24,2025-09-25,37862.335212242404,840,35066.25668987193,1040,1411.8499358217057,733.8819446780516
2025-09-24,2025-09-26,38901.40276493041,830,35113.88805763106,1030,1406.0741876138093,750.9566551769678
2025-09-24,2025-09-27,34902.89111506192,840,33186.09971609173,1110,664.8064951484822,564.5739066132969
2025-09-25,2025-09-26,38909.63106355406,830,35329.689819886175,1030,1439.177089311971,705.0232896213735
2025-09-25,2025-09-27,34928.33859495866,840,33440.45602056345,1110,731.4037944605561,588.4493783434098
2025-09-25,2025-09-28,32834.7805957557,840,32014.50563410411,1200,649.3993157727194,515.7121430810345
2025-09-26,2025-09-27,34961.61039658106,840,33743.941785036244,1110,716.7152946522848,525.0615457758662
2025-09-26,2025-09-28,32740.71766604577,840,32045.6530719048,1190,649.4945659630702,528.675556194354
2025-09-26,2025-09-29,37902.708435175286,840,34652.413913005854,1040,1467.9268912634875,716.8048728154666
2025-09-27,2025-09-28,32827.11255013232,840,32623.034731520078,1200,660.3726025122755,513.1482851100768
2025-09-27,2025-09-29,38104.76977081427,840,34616.96089151488,1040,1438.7890984870755,686.8436643550735
2025-09-27,2025-09-30,38378.365145501775,840,35129.968638345286,1070,1439.2126384371754,706.8916998315235
2025-09-28,2025-09-29,38530.10748440576,840,34727.55984265483,1040,1426.2469113994268,722.1880824936385
2025-09-28,2025-09-30,38684.123163956116,840,35342.16606332139,1060,1383.694420317204,695.9312772161413
2025-09-28,2025-10-01,38817.68830259559,840,35474.44214155671,1060,1466.2168806500047,693.8242453345665
2025-09-29,2025-09-30,37644.15336033264,840,34672.04430034358,1060,1385.3549084429862,657.1370160861892
2025-09-29,2025-10-01,38133.537315694884,840,35427.64219329168,1070,1450.619500926569,653.6824637691691
2025-09-29,2025-10-02,38110.4336747518,840,35227.53574103815,1050,1442.0074794952814,681.4819891826883
2025-09-30,2025-10-01,38813.03500592618,840,35409.042409672715,1060,1450.4183750730663,683.0828643182356
2025-09-30,2025-10-02,38913.74122233036,840,35375.97037368473,1040,1430.163812667339,715.1032948029094
2025-09-30,2025-10-03,38445.89504968281,840,35914.0558149665,1040,1434.1066961590213,657.0804702162268
2025-10-01,2025-10-02,39123.5423239631,840,35484.50240051555,1060,1418.6850353083375,673.5052931521352
2025-10-01,2025-10-03,38957.30832395225,840,35749.185205515634,1040,1501.6086946765224,647.0903986960988
2025-10-01,2025-10-04,34727.271368061556,840,32664.448583086385,1090,660.9259727758869,522.6472295837217
2025-10-02,2025-10-03,39329.36311946748,840,35949.22013411734,1030,1455.345138087053,653.5548062745133
2025-10-02,2025-10-04,35182.66678790301,840,32987.83925329136,1090,689.6381199764548,505.11496278009975
2025-10-02,2025-10-05,32926.49715831193,840,32189.839655002037,1170,583.8842281654506,503.8163381476611
2025-10-03,2025-10-04,34376.19444229816,840,33368.43523845078,1100,676.7098565395933,510.4000216995135
2025-10-03,2025-10-05,32872.873037858466,840,31501.94724512728,1180,613.0953609610606,483.41346217166324
2025-10-03,2025-10-06,32545.71238145644,930,32107.502372755156,1130,641.2497953481567,501.37732621247756
2025-10-04,2025-10-05,32822.8732624507,840,32139.235334143676,1160,585.9241485724489,513.0333871726148
2025-10-04,2025-10-06,32648.48031047937,930,32124.81728905652,1140,677.9108835045469,520.8556628172316
2025-10-04,2025-10-07,38678.76769120832,840,35271.72125963771,1050,1408.2163975078265,735.7973734904979
2025-10-05,2025-10-06,31915.38911745953,930,32307.59305444496,1140,636.5327713682034,487.0017904424723
2025-10-05,2025-10-07,38754.553358338046,840,35263.24266534128,1050,1424.3098187986766,710.1864176080554
2025-10-05,2025-10-08,38323.732853486275,840,35138.77329559434,1070,1427.446343472882,733.6034722804598
2025-10-06,2025-10-07,38916.53392935298,840,35012.57213725659,1040,1373.3951650217637,699.2502745881455
2025-10-06,2025-10-08,38443.37192189249,840,35031.763275739555,1070,1458.9008237002772,736.9537848477643
2025-10-06,2025-10-09,39126.88130816917,840,35696.48559329566,1040,1421.0472628348955,708.0164033626263
2025-10-07,2025-10-08,38789.37636468248,830,35045.0318984094,1060,1396.9467336812538,724.230253177078
2025-10-07,2025-10-09,38992.941079547025,830,35758.256085239744,1060,1419.1176060426044,704.610049241029
2025-10-07,2025-10-10,33215.51144346704,840,31845.66257771653,1090,608.6444628799401,503.0423018165632
2025-10-08,2025-10-09,38883.3285520506,830,35539.515746965575,1050,1400.101457220097,679.5012569103919
2025-10-08,2025-10-10,32870.41374271076,840,32365.27526206394,1090,694.2948879983426,508.4653819689125
2025-10-08,2025-10-11,34440.55733937178,840,32456.930970374273,1090,628.1282629612027,506.05524994355176
2025-10-09,2025-10-10,33061.4380232864,840,32453.85603927227,1090,638.9550950794671,484.81204061453013
2025-10-09,2025-10-11,34556.399451826524,840,32591.404430222177,1090,642.6674750821164,492.5410027314375
2025-10-09,2025-10-12,32136.199589559543,840,32329.817455175176,1140,549.0540256322462,467.4234653133998
2025-10-16,2025-10-17,38131.54284645533,830,35563.477257162645,1070,1378.773245889726,633.3973858161232
2025-10-16,2025-10-18,32926.58688250953,850,32716.697734299618,1080,625.5426638062706,483.7432583966163
2025-10-16,2025-10-19,31039.361702932933,970,31061.335002860105,1150,569.7080073720581,472.1116755354781
2025-10-24,2025-10-25,29686.201626077323,980,29375.724465360374,1090,553.8211864065587,468.1120441793977
2025-10-24,2025-10-26,29344.680507529672,1000,28940.571886408874,1140,573.0360660078497,499.0756321188564
2025-10-24,2025-10-27,32559.135670706113,840,31612.463912416715,1070,1174.1712846505966,730.3042635910078
2025-11-02,2025-11-03,32319.046236650698,840,30744.087167131293,1070,1195.7939248824027,773.9337550820112
2025-11-02,2025-11-04,33202.198819361816,830,31305.36297636268,1070,1217.2688515362083,743.4425437972577
2025-11-02,2025-11-05,33562.4075615689,840,31585.43450667421,1060,1211.2377901428872,700.8495162530344
2025-11-10,2025-11-11,33425.14194264228,830,32132.605129158947,1070,1238.6699336341173,723.4513120919562
2025-11-10,2025-11-12,32340.501627944206,780,31236.679520758335,1060,1207.34039154325,728.5838250565279
2025-11-10,2025-11-13,32580.831240281546,830,31157.37975528507,1070,1197.2171548779434,735.3010417040749
2025-11-19,2025-11-20,30543.452111952996,810,30085.58824957779,1070,1132.3702467097849,726.1456900139028
2025-11-19,2025-11-21,31151.29946083855,820,30058.089686334675,1060,1083.585451969073,693.5644121345587
2025-11-19,2025-11-22,28247.908821693985,960,28888.368212515652,1070,670.6118489870111,440.6768931707553
2025-11-27,2025-11-28,30519.568316540393,820,29406.541013823757,1060,1055.457101850104,689.4024096623567
2025-11-27,2025-11-29,27475.755924102454,980,28197.942675140428,1070,635.4587814671393,467.88978211170974
2025-11-27,2025-11-30,26906.181884029844,1020,27805.00089661397,1090,579.2135208450949,469.15568162326485
2025-12-06,2025-12-07,26292.30200508732,1020,27405.29167118868,1090,548.9055580691336,413.9108182444782
2025-12-06,2025-12-08,30425.209244381,850,30017.985204595036,1070,1026.883699265509,628.8309144655369
2025-12-06,2025-12-09,30461.13645229616,830,30314.54688504542,1070,1072.319502823205,639.9492709391951
2025-12-14,2025-12-15,29838.859676905573,870,29574.94530676723,1070,1105.436438918795,636.994199455914
2025-12-14,2025-12-16,30720.8483519137,840,29975.80771744753,1070,1065.6856927529238,649.6294474281941
2025-12-14,2025-12-17,30359.257611353987,830,29930.56252825361,1070,1064.1233853881204,643.4721352517859
2025-12-23,2025-12-24,30031.771576103954,820,29877.253089739876,1070,1043.9806660032878,721.6709885710944
2025-12-23,2025-12-25,26727.025254485452,1020,27974.274022288802,1090,583.4579877876528,509.31044468501483
2025-12-23,2025-12-26,29654.12675292943,820,29500.23918113053,1070,1044.1878535139008,659.9986462943122
2025-12-31,2026-01-01,26431.9405882592,1000,27799.18836187497,1090,580.8775128026472,450.937452678185
2025-12-31,2026-01-02,29092.688348220723,830,29063.773179650805,1070,1076.8136630209701,653.0188996930049
2025-12-31,2026-01-03,26904.607190786362,990,27456.043413359057,1090,609.3142441679398,458.17561630939616
2026-01-09,2026-01-10,27278.320444527315,1000,28017.81161025527,1090,629.2333668045626,499.5102996071392
2026-01-09,2026-01-11,25978.16202430178,1020,27375.10280957332,1210,591.0369533855247,482.48600193911466
2026-01-09,2026-01-12,29511.77255623336,890,29482.855028878268,1080,1036.4405954909598,702.9897785429868
2026-01-17,2026-01-18,25995.769518520454,1020,27512.946032529304,1210,539.4196303761203,523.6200139158806
2026-01-17,2026-01-19,29638.725778573178,930,29573.032820888133,1070,1063.5730911924052,728.4879707617519
2026-01-17,2026-01-20,29512.334443025884,900,29711.86167119376,1080,1008.480240192245,725.0946882050356
2026-01-26,2026-01-27,30231.491608607175,860,29741.786960493835,1080,991.3667237584035,737.934775927476
2026-01-26,2026-01-28,29911.530387022893,880,29637.116056497838,1080,993.6310512126462,721.1858901004271
2026-01-26,2026-01-29,29996.05133762455,920,29627.670637265965,1080,976.306611825802,684.0759562563501
2026-02-03,2026-02-04,30439.60947386557,860,30004.247381064226,1090,975.3866263033871,702.0790581455021
2026-02-03,2026-02-05,30709.014087648986,840,30089.71155784856,1080,967.61616059277,679.903222883373
2026-02-03,2026-02-06,29833.66669513639,840,29561.159249447886,1080,966.0517024348455,695.3832603232769
2026-02-12,2026-02-13,30398.183972267267,840,29706.65104637276,1080,1003.0958171443156,693.0740850631136
2026-02-12,2026-02-14,25610.356574492107,990,26932.270426228675,1090,609.503175734406,473.73992853738815
2026-02-12,2026-02-15,25597.485755364665,1020,26861.113629910913,1220,562.7079250779636,472.0134836245354
2026-02-20,2026-02-21,24331.218772001957,1010,25226.76613703121,1150,493.20540979235585,374.9315276375305
2026-02-20,2026-02-22,24238.461050962094,1020,25297.283512320835,1200,513.7083507106119,437.2388877805447
2026-02-20,2026-02-23,30481.71653101831,900,29730.31217823976,1080,1063.971822129139,718.3993171201197
2026-03-01,2026-03-02,30182.00924905789,910,29826.478262539833,1090,1130.203195044652,735.1724250425831
2026-03-01,2026-03-03,30064.364315758645,820,29895.127384849508,1090,1102.3708619186991,762.865233468547
2026-03-01,2026-03-04,30529.19495908851,810,29940.664892233082,1090,1167.8211829252145,716.064129800353
2026-03-09,2026-03-10,30567.38330026638,800,30066.656877926194,1090,1155.7585479650838,786.541711125128
2026-03-09,2026-03-11,30264.370569444483,840,29952.503974509214,1090,1073.113371058461,767.3883205936087
2026-03-09,2026-03-12,30146.3208283933,850,30109.207367464416,1090,1065.9746350396815,762.6758145176626
2026-03-18,2026-03-19,31104.689998504313,840,30383.22803824476,1090,1086.9517516635024,730.2079314056225
2026-03-18,2026-03-20,31094.457720641883,850,30129.860805179822,1090,1027.3720657194706,712.2958049404727
2026-03-18,2026-03-21,27343.983063413238,1000,28168.396907095044,1090,692.4786600037629,530.4761393870151
2026-03-26,2026-03-27,32414.345887330917,830,30750.696154695805,1080,1130.4144528669785,676.9620711587752
2026-03-26,2026-03-28,27709.42340370908,990,28265.721200520722,1090,702.7293963916479,548.8075811514857
2026-03-26,2026-03-29,27449.64153452889,990,28361.81051030069,1190,649.1086027484974,522.4687352790278
2026-04-04,2026-04-05,26543.501617352355,1020,27357.274001941696,1180,680.1080619030553,589.014405792583
2026-04-04,2026-04-06,31696.19088268456,840,30369.675873738597,1080,1204.165644837559,732.6361401760868
2026-04-04,2026-04-07,32269.90268398854,830,31441.696520505742,1080,1182.3314755301487,725.0549372073611
2026-04-12,2026-04-13,34087.49397680668,860,32586.937166760334,1050,1194.9260565062393,692.5387460392079
2026-04-12,2026-04-14,34314.878850240195,840,33156.12427137436,1050,1236.6484334088739,677.0824333242167
2026-04-12,2026-04-15,33780.26410025727,850,32556.54147289212,1040,1203.2693396851232,686.3994370139126
2026-04-21,2026-04-22,35345.7684418149,860,33243.996809342876,1040,1225.6503295297564,755.4844518662395
2026-04-21,2026-04-23,33126.195235215666,840,31814.59469085536,1050,1147.8149999031461,741.8027349964925
2026-04-21,2026-04-24,32403.286225306347,710,30820.59603875439,1070,1166.4955982609617,770.1139467386236
2026-04-29,2026-04-30,32679.518696125757,840,31499.30956455028,1080,1154.0583293179445,702.6271332268157
2026-04-29,2026-05-01,29540.882710785736,1000,29834.752929594164,1120,649.9243638204011,540.6154052864546
2026-04-29,2026-05-02,30764.151481422658,860,30305.208962145007,1110,668.9483129742166,526.6017840329919
2026-05-08,2026-05-09,29997.43621193482,970,29983.61374031251,1090,644.0042145686888,543.4254521476886
2026-05-08,2026-05-10,28427.031237225845,1000,29265.135855053533,1190,604.614129710857,543.5819341781047
2026-05-08,2026-05-11,33794.65150822131,850,32358.024310593395,1030,1242.5492690301398,722.3698910773354
2026-05-16,2026-05-17,29464.155850685383,860,29733.21829636728,1180,667.833704684652,553.3479676412599
2026-05-16,2026-05-18,34774.682846182295,840,32777.60868351716,1040,1357.9926574005774,752.9895363923895
2026-05-16,2026-05-19,36631.408968957396,840,33611.41894026505,1040,1416.4962531116876,794.7500184543151
2026-05-25,2026-05-26,39878.72174160829,840,36881.82064424006,1030,1445.4189181137162,674.9397535241802
2026-05-25,2026-05-27,39875.18442995883,840,36940.26301397921,1030,1472.3561114654476,670.5009381348962
2026-05-25,2026-05-28,37930.17320130509,840,35596.86472794856,1030,1387.2543286343564,696.5982402189958
2026-06-02,2026-06-03,38591.57147330734,840,36292.92972749302,1030,1414.889822401677,662.764869248001
2026-06-02,2026-06-04,35230.18325622546,790,33967.799289995324,1030,1245.7659463280957,720.4527717866473
2026-06-02,2026-06-05,35350.847197503135,830,32927.914483587694,1030,1308.954214348762,751.0421538095931
2026-06-11,2026-06-12,35219.81814409911,830,32864.33038328491,1030,1273.4299295756034,718.347856483273
2026-06-11,2026-06-13,33208.53599384898,830,31611.934718256005,1090,715.5629122041098,594.6481547298803
2026-06-11,2026-06-14,30695.35338271725,840,30865.6017491127,1190,638.2181247054313,534.5457338131067
2026-06-19,2026-06-20,33684.51099397581,840,33638.01250671739,1070,772.6174014323143,509.00710468263617
2026-06-19,2026-06-21,33438.745552377346,860,33267.76124981943,1170,860.6264853574781,607.8553693390392
2026-06-19,2026-06-22,39117.1174241336,840,36444.245643562914,1030,1592.1186849101528,680.4440757370354
2026-06-30,2026-07-01,39766.857637230605,840,36729.72770980179,1030,1426.8941470726584,716.3830842938048
2026-06-30,2026-07-02,39905.866258632,840,36456.99730147182,1030,1482.2059911392207,693.3895941117883
2026-06-30,2026-07-03,39491.71789015284,840,36574.059603483845,1030,1463.3185877224794,672.770172245096
2026-07-01,2026-07-02,40041.82089145133,840,36779.66566586164,1030,1439.2011197032903,659.6623545224915
2026-07-01,2026-07-03,39332.91875451666,840,36683.60390449869,1030,1424.909652301045,635.8508136713774
2026-07-01,2026-07-04,33946.43574740286,850,33555.88227151288,1090,746.2029942934872,522.5722123503194
2026-07-02,2026-07-03,40310.28955245171,840,36990.71935064604,1030,1420.8792484789321,677.0758605325284
2026-07-02,2026-07-04,33752.617562792904,850,33444.74778307437,1080,742.7266764155249,518.0850425925545
2026-07-02,2026-07-05,33470.71067153333,870,33988.924411543834,1160,765.122820105017,551.8566994355957
2026-07-03,2026-07-04,34832.55132488589,840,33940.95745745504,1080,728.9908267937615,515.5375145736296
2026-07-03,2026-07-05,33794.74842477588,860,34043.090722350025,1160,821.7544740104905,580.6947243244379
2026-07-03,2026-07-06,38956.10753600068,840,36202.651124203614,1030,1524.9865360537574,641.3427595319986
2026-07-04,2026-07-05,34216.65399053351,870,33622.30555299449,1160,858.0037410908949,564.7422885097365
2026-07-04,2026-07-06,39036.55269469157,840,36270.07944278336,1030,1528.207644732281,631.3089175740271
2026-07-04,2026-07-07,40079.0331210677,840,37265.616744288665,1030,1512.3762545374711,603.3748541209352
2026-07-05,2026-07-06,39038.00860845739,840,36404.305853289945,1030,1537.5347823368113,631.0630929329459
2026-07-05,2026-07-07,39798.04163554092,840,37399.25341472533,1030,1558.4808896416846,598.6418078068516
2026-07-05,2026-07-08,39607.63277679315,840,37007.889797552074,1030,1425.9622747259996,634.6960928759853
2026-07-06,2026-07-07,40633.60112411673,840,37567.53567574758,1030,1485.8157925268602,604.7283464925517
2026-07-06,2026-07-08,39771.4975435567,830,36938.575120489884,1030,1414.5784899536084,588.5747261325732
2026-07-06,2026-07-09,38400.31289145697,830,35847.35925151019,1030,1395.0273116513035,607.7047476210322
2026-07-07,2026-07-08,40266.45659145357,830,37195.743691344884,1030,1394.208868006873,662.9478192332703
2026-07-07,2026-07-09,38324.14258292503,830,35814.443691502274,1030,1361.3459991760744,635.9800105978723
2026-07-07,2026-07-10,36238.64465362394,830,34283.061083640045,1030,1327.4959299550821,709.8041972161561
2026-07-08,2026-07-09,39180.42859914454,830,36663.848495620754,1030,1380.941630436203,682.7271247943357
2026-07-08,2026-07-10,35696.231738909126,830,34764.96017544705,1030,1341.3539369663124,732.621309289766
2026-07-08,2026-07-11,34314.15070920954,840,33558.28331736422,1070,746.3439457747863,579.3023780508952
2026-07-09,2026-07-10,36992.9630916903,830,34959.03185185502,1030,1380.6736749493705,754.1484619095781
2026-07-09,2026-07-11,34345.46589108848,840,33314.869643109596,1090,719.8297356366138,572.7236108061077
2026-07-09,2026-07-12,32701.98005254859,860,33366.344730786936,1190,718.5937004688067,614.376908892325
2026-07-10,2026-07-11,33636.019776888,840,33211.94239009694,1100,724.0948531427273,591.5858272052191
2026-07-10,2026-07-12,32936.31895242898,860,33334.07181569405,1190,671.4366273551742,575.1571314028962
2026-07-10,2026-07-13,39701.26427026562,840,36825.83880639977,1030,1420.7761681734626,721.4186150071442
2026-07-11,2026-07-12,31790.220806833637,870,32369.564181287667,1190,640.4238237140681,576.6409170529332
2026-07-11,2026-07-13,39691.80914802351,840,36587.70156553559,1030,1454.6050529867716,708.218339894171
2026-07-11,2026-07-14,39684.56829938025,840,36201.7914880013,1030,1374.2598650909404,672.8402515045128
2026-07-12,2026-07-13,39280.42045547703,840,37011.180923764725,1030,1480.1603676330624,710.9166733052896
2026-07-12,2026-07-14,39845.9729321687,840,36449.51103853416,1030,1369.069267981429,694.9055284982492
2026-07-12,2026-07-15,39589.60747027795,840,36190.25830065922,1030,1357.6727834729013,713.9889259618803
2026-07-13,2026-07-14,40012.23185846299,840,36405.95385531108,1030,1418.6086187417445,691.4837752632573
2026-07-13,2026-07-15,39321.876420272914,840,36743.19268488018,1030,1404.8649021288552,695.8562053975993
2026-07-13,2026-07-16,39300.12015325547,840,36988.610557438966,1030,1380.3993236031565,688.5029684613702
2026-07-14,2026-07-15,39996.66517940902,830,36644.510213038484,1030,1480.4133622897384,696.156000325473
2026-07-14,2026-07-16,39620.656574445806,830,36824.63188996258,1030,1459.7858188021837,687.8743928051275
2026-07-14,2026-07-17,39567.09234355962,830,36387.90865217728,1030,1428.7686072124338,690.9017107419579
2026-07-15,2026-07-16,40094.32558774029,830,37220.472992766765,1030,1436.0422057500234,678.4194169775403
2026-07-15,2026-07-17,39470.17693572931,830,36581.4636460704,1030,1448.779703498946,698.3193283460239
2026-07-15,2026-07-18,33257.45745252441,840,33355.36074179434,1130,709.2641660119504,543.1056759581544
2026-07-16,2026-07-17,40098.63916031395,830,37048.21824243401,1030,1405.368119828018,736.0530826700857
2026-07-16,2026-07-18,33158.993729355454,840,33161.48988153791,1130,678.5473555041119,549.1821224523621
2026-07-16,2026-07-19,32210.90062105563,870,32721.3766760982,1200,610.2953179086059,567.2902135171109
2026-07-17,2026-07-18,34239.26292953174,840,33558.32226444592,1120,710.4484723372216,572.762079105437
2026-07-17,2026-07-19,32801.30150622219,850,32773.00732811899,1190,624.3303884335965,569.3868444778618
2026-07-17,2026-07-20,39694.127800857066,840,36690.02919688767,1030,1542.619032516567,750.9667185601942
2026-07-18,2026-07-19,33228.04857004449,860,33221.55718390055,1190,623.816309720631,512.5823067419508
2026-07-18,2026-07-20,39842.33226123246,840,36800.38872901828,1030,1522.0625515790198,704.0761983921595
2026-07-18,2026-07-21,39572.27094409113,840,37000.03954953813,1030,1467.727508599606,706.8430425812286
2026-07-19,2026-07-20,39240.84375928419,840,36822.94950352689,1030,1519.8882998943698,688.5006948739734
2026-07-19,2026-07-21,39770.52690751076,840,37188.39832275169,1030,1428.029717315872,702.3687351354203
2026-07-19,2026-07-22,39819.15575281074,840,37251.80226101208,1030,1474.568675023586,678.9616079516035
2026-07-20,2026-07-21,40021.148768273626,840,37284.80881710841,1030,1504.409234003058,700.3684214802736
2026-07-20,2026-07-22,40060.37631395438,830,37250.71198389657,1030,1504.060159531196,659.3206818198735
2026-07-20,2026-07-23,39806.1729257319,840,37381.42205503901,1030,1469.7626830664763,682.3745196707049
2026-07-21,2026-07-22,40138.258309082106,830,37396.932109734844,1030,1564.362742324948,679.3870985488652
2026-07-21,2026-07-23,39884.09514430885,830,37278.02576059373,1030,1452.20730712861,655.213925046388
2026-07-21,2026-07-24,40424.04231113192,840,36463.9241939295,1030,1484.5030889095474,654.9007308766768
2026-07-22,2026-07-23,40540.927775926335,830,37682.05501394862,1030,1584.2932849431977,695.3381921076171
2026-07-22,2026-07-24,40358.89523116874,830,36309.28236788318,1030,1511.031836201987,662.5375102753588
2026-07-22,2026-07-25,34537.98760098371,840,33849.59183930299,1100,766.6439381616307,543.0995259071906
2026-07-23,2026-07-24,40325.46937524564,830,36954.758046332056,1030,1580.9132698294727,663.5174763050586
2026-07-23,2026-07-25,34461.060500619074,830,33847.906460403006,1110,775.305640303826,538.5562169437325
2026-07-23,2026-07-26,32930.173480335725,860,32726.740589291487,1180,665.3059572599446,569.6339769575782
2026-07-24,2026-07-25,34820.917525252014,830,34534.78549039781,1120,817.6919173562488,571.6051408494106
2026-07-24,2026-07-26,32971.72405464587,860,33185.11627893965,1180,680.1996463259719,547.7259192691266
2026-07-24,2026-07-27,38925.29587283016,840,36150.293041537065,1030,1454.133555649836,656.6976766611558
2026-07-25,2026-07-26,33231.73468138786,840,33494.56637301341,1190,776.2037849511946,591.0912920321116
2026-07-25,2026-07-27,39533.857351798164,840,36016.84841267603,1030,1569.3497022000981,668.9445606735654
2026-07-25,2026-07-28,40137.91467731432,840,37012.32866027977,1030,1400.7348214087558,668.2775845101369
2026-07-26,2026-07-27,38916.878365120625,830,35839.164234662734,1030,1560.196898614985,644.2186396828887
2026-07-26,2026-07-28,39938.25537016601,840,36583.57874056004,1030,1423.666409922754,664.920655222044
2026-07-26,2026-07-29,39069.06656937919,840,35950.20088545418,1030,1371.7247881990181,641.8078369894785
2026-07-27,2026-07-28,39816.59817037215,840,36639.51943695093,1030,1389.0135111924503,643.0109814287591
2026-07-27,2026-07-29,39063.72783697069,830,36272.819334072105,1030,1355.9628405768456,663.4209707857143
2026-07-27,2026-07-30,38653.071847100684,830,35965.72899941704,1030,1408.9607429849425,663.4529298318486
2026-07-28,2026-07-29,39460.51491855632,830,35850.52308501759,1030,1444.046827799649,624.2106497322186
2026-07-28,2026-07-30,39137.15521607742,830,35878.303030542134,1030,1550.8514746949368,635.9839005770276
2026-07-28,2026-07-31,39716.52196534198,840,36530.008136459976,1030,1383.7535170112837,669.4979074711154
2026-07-29,2026-07-30,39076.042801440715,830,36451.504257555935,1030,1505.2224794545646,636.6930932884743
2026-07-29,2026-07-31,39938.51149595214,840,36615.71836837433,1030,1463.1925280289365,657.1757176788007
2026-07-29,2026-08-01,35963.85309716978,840,34344.19048322584,1110,914.2799959580508,595.2519143499538
2026-07-30,2026-07-31,40007.87668507162,840,36942.05768828951,1030,1445.3804993712295,636.2415840335602
2026-07-30,2026-08-01,35208.18371203503,840,34300.73386271707,1120,877.0173186019499,569.4247538086013
2026-07-30,2026-08-02,34194.579521642154,850,34284.72061792616,1190,787.1178497930431,533.3925168766516
2026-07-31,2026-08-01,36122.90798232096,830,35183.21825193688,1110,869.0144573590609,575.5822017854591
2026-07-31,2026-08-02,34301.819124708505,850,34286.2540829307,1190,735.2385261810402,531.9184467450386
2026-07-31,2026-08-03,40015.46195331244,840,37611.67811801497,1030,1529.344569175657,690.2697268350797
2026-08-01,2026-08-02,34314.501996966996,850,34068.50229423084,1190,689.0044695751179,526.9660683243484
2026-08-01,2026-08-03,40080.62200351981,840,37585.09675809822,1030,1557.9837691315022,647.2183250748666
2026-08-01,2026-08-04,39882.58885774882,840,37558.75768702923,1030,1520.0723828453142,644.2424951196327
2026-08-02,2026-08-03,39932.25458904221,840,37430.783959497865,1030,1568.3194379903937,663.6813807315697
2026-08-02,2026-08-04,40171.71587019661,840,37567.06115469995,1030,1513.283761422867,668.48475734194
2026-08-02,2026-08-05,40231.14519565116,840,37525.96383703856,1030,1467.4139637422297,669.9563591908613
2026-08-03,2026-08-04,40362.01916865001,840,37882.84871155695,1030,1471.1480600929333,666.9936063207861
2026-08-03,2026-08-05,40249.83449937357,840,37381.8112313422,1030,1497.2395118729148,632.909964448099
2026-08-03,2026-08-06,39568.54481552049,830,36964.318870842726,1030,1422.920348282891,654.9873033044786
2026-08-04,2026-08-05,40411.3646637693,840,37737.25872188965,1030,1462.8651332425643,630.8784682963337
2026-08-04,2026-08-06,39784.41854381989,840,37079.91517116789,1030,1445.3249792241536,637.7951605611223
2026-08-04,2026-08-07,37721.61577635022,840,35828.59151678273,1030,1361.1276805300965,653.1116274298564
2026-08-05,2026-08-06,40176.88683355885,840,37590.01355894751,1030,1440.4296759117485,650.4595505322078
2026-08-05,2026-08-07,37638.79838690148,840,36031.69503021933,1030,1467.9887223273308,665.1640424624267
2026-08-05,2026-08-08,34006.59845417134,840,33058.58761251967,1130,730.2800153149964,537.1808521995201
2026-08-06,2026-08-07,38482.243335717096,840,35868.22330209123,1030,1492.0452779107227,651.171200925117
2026-08-06,2026-08-08,33774.254400185535,840,33018.268178344515,1130,723.0433596668128,551.0091507239927
2026-08-06,2026-08-09,33283.672630069916,840,34114.143494773285,1190,709.8989697369632,525.931200767629
2026-08-07,2026-08-08,34365.427366196636,840,34176.32482839733,1130,724.9554378444367,540.7235892526209
2026-08-07,2026-08-09,33273.713238426964,840,33931.73584200275,1190,716.9278111002196,524.6874487431913
2026-08-07,2026-08-10,38911.235782468284,840,36320.91222040681,1030,1426.8560460519388,677.9416758476208
2026-08-08,2026-08-09,33422.278083839796,840,34113.762579038186,1190,689.4346934185506,556.1785653536352
2026-08-08,2026-08-10,39252.10198167791,840,36808.62845695586,1030,1487.7900974825466,686.1888092468173
2026-08-08,2026-08-11,40146.94151531939,840,37475.02512641216,1030,1427.5519579712193,649.922380805769
2026-08-09,2026-08-10,38536.6341913383,840,35575.948843999635,1030,1435.652545920961,663.2791153220629
2026-08-09,2026-08-11,40167.68178427029,840,37518.38158127106,1030,1371.2452779084117,661.1363094793429
2026-08-09,2026-08-12,40084.63740980913,840,37505.33673301583,1030,1436.9034598200444,659.028934311353
2026-08-10,2026-08-11,39907.88421945306,840,37345.102997885064,1030,1421.828886319863,629.4409244031666
2026-08-10,2026-08-12,39998.41431069487,840,37422.74891402093,1030,1425.6998364950023,654.8050907285933
2026-08-10,2026-08-13,39545.81383450752,840,36661.56336456699,1030,1414.6119781055484,683.3437886153195
2026-08-11,2026-08-12,40170.00864981265,840,37744.4715150309,1030,1473.4828796497006,644.2476803282377
2026-08-11,2026-08-13,39588.67442934622,840,36994.99850568921,1030,1397.706554422118,676.1231079677236
2026-08-11,2026-08-14,38532.16802513858,830,36336.962457448535,1030,1357.6660996338217,667.468580212033
2026-08-12,2026-08-13,40032.71315433839,840,37355.45838656304,1030,1482.2978708513597,670.7369517991632
2026-08-12,2026-08-14,38916.23546493965,840,36439.76557574938,1030,1350.741370421326,684.6750469791555
2026-08-12,2026-08-15,35450.61715176455,840,34368.46119930705,1080,776.5176936920063,592.1949302293327
2026-08-13,2026-08-14,38944.13796509039,830,36853.41555551723,1030,1354.302014088359,706.398056682664
2026-08-13,2026-08-15,36017.10084935776,830,34249.192548138635,1100,787.0254210319526,631.4624889503747
2026-08-13,2026-08-16,32456.71435020757,850,33302.110269809724,1190,663.6339053967693,549.439539875573
2026-08-14,2026-08-15,36619.472711096576,830,34715.91070545577,1100,778.05491812083,584.5329746433652
2026-08-14,2026-08-16,32295.651145829026,840,33398.90963984264,1180,656.542044700315,559.4607669668815
2026-08-14,2026-08-17,39602.25421272128,840,37108.1686894738,1030,1553.4626252616163,688.7050879558803
2026-08-15,2026-08-16,32578.62055923266,850,33389.424488027405,1180,671.3776737582992,583.1789969486601
2026-08-15,2026-08-17,39949.75615928747,840,37034.52830973436,1030,1500.9559903099578,686.4647648235516
2026-08-15,2026-08-18,38631.37876020262,840,36350.511282506515,1030,1342.657260545392,697.9855369466211
2026-08-16,2026-08-17,39382.66447228247,840,37159.6001864449,1030,1614.6575304209482,649.4897617021761
2026-08-16,2026-08-18,38603.96515152275,840,36227.2365870655,1030,1363.403541783697,695.6901218235544
2026-08-16,2026-08-19,37086.03863804644,770,34288.42118006573,1030,1356.0000016356887,676.0173883172208
2026-08-17,2026-08-18,38907.08165162943,840,36647.767372753166,1030,1422.3460880013474,719.8299445811047
2026-08-17,2026-08-19,37164.2936594595,780,34461.01241792193,1030,1372.6854923148298,691.3905805165128
2026-08-17,2026-08-20,36649.424065332685,830,34320.42428483479,1030,1314.7049164408666,663.4602103941672
2026-08-18,2026-08-19,37802.763739614325,780,35237.15357446258,1030,1358.9166606953945,695.4742839991701
2026-08-18,2026-08-20,36682.343538646805,830,34572.30772328138,1030,1341.6000727271437,682.9231319272516
2026-08-18,2026-08-21,36546.32747777087,820,34130.40753811263,1030,1314.4561193438733,700.5670145543291
2026-08-19,2026-08-20,37060.354646052125,830,34753.64968587815,1030,1420.957979719751,737.8660931215521
2026-08-19,2026-08-21,36772.35277209594,820,34312.57898229664,1030,1344.7444095986266,697.4913005880153
2026-08-19,2026-08-22,33038.57344041331,820,31934.84278341979,1130,753.29945478763,548.1966625389468
2026-08-20,2026-08-21,36390.49732326939,820,34567.01849033242,1030,1428.89465236985,696.0447275467959
2026-08-20,2026-08-22,33361.30222662613,820,32718.137089904496,1130,780.1337644116383,534.0530880906582
2026-08-20,2026-08-23,31257.435725296753,900,31866.126544516996,1170,687.9001509569589,530.1160955035108
2026-08-21,2026-08-22,33843.393554972885,830,32961.3155265666,1120,741.3888348467162,530.9781737545037
2026-08-21,2026-08-23,31330.19292756737,900,31899.846185085215,1170,652.613644276549,506.35792868439256
2026-08-21,2026-08-24,35954.06777897354,820,33867.490291462076,1030,1404.4357899525455,648.7925722702098
2026-08-22,2026-08-23,30971.181820780574,900,31357.45110010574,1160,616.2992513377949,511.8099192475985
2026-08-22,2026-08-24,35419.680268415024,810,34090.580528104205,1030,1313.933454692165,615.9972866989305
2026-08-22,2026-08-25,35777.84411789226,700,34136.0750267144,1030,1307.5754872611517,650.7486049028671
2026-08-23,2026-08-24,35329.39613284182,810,33903.98838309967,1030,1349.4210577491745,656.4744132440393
2026-08-23,2026-08-25,35496.83726729302,690,33876.48413891084,1030,1267.4427444918704,655.7848965850083
2026-08-23,2026-08-26,38781.74743719726,840,35909.11202822509,1030,1386.0245207169962,655.5162593226015
2026-08-24,2026-08-25,35135.422984819204,700,33389.56215157525,1030,1221.7900812106702,655.2517125595232
2026-08-24,2026-08-26,38744.233730881664,840,36023.17961680645,1030,1344.0701320651178,624.0388171473181
2026-08-24,2026-08-27,38563.063003212505,830,36121.07997920293,1030,1438.1754007885324,656.1147759439176
2026-08-25,2026-08-26,38345.452817642064,840,35829.75510046676,1030,1395.9260429678404,646.6728659076332
2026-08-25,2026-08-27,38464.30916718856,830,35983.9593779491,1030,1341.8266097556912,661.9918270018292
2026-08-25,2026-08-28,38597.54192650243,840,35758.02291367825,1030,1341.2121808889863,665.6868395117322
2026-08-26,2026-08-27,38117.91620979434,830,35881.78644282946,1030,1409.7174979363792,690.324425966116
2026-08-26,2026-08-28,38419.90464289762,830,35895.83603826831,1030,1403.0608603680596,662.6163164415344
2026-08-26,2026-08-29,34231.05932319434,840,32993.29288584414,1100,768.110760902272,548.4796091583473
2026-08-27,2026-08-28,38737.94006141638,830,35657.676108848995,1030,1343.0572013687229,654.8740322476134
2026-08-27,2026-08-29,34174.19065704187,830,33319.04982936109,1100,765.7936904063944,572.9970173885689
2026-08-27,2026-08-30,31630.729528141022,860,32470.302822007783,1190,656.3843579330296,510.48901564313445
2026-08-28,2026-08-29,34948.92867161986,830,33371.60257567801,1100,818.4103793775383,556.8536220458922
2026-08-28,2026-08-30,31577.199395789186,850,32392.5594928189,1190,692.4674833699005,497.9200318168002
2026-08-28,2026-08-31,35226.982262103644,810,33926.2737283503,1030,1216.974691195735,677.7538677569843
2026-08-29,2026-08-30,31872.945500271082,850,32636.42831359993,1190,632.3577204802097,476.11423959545186
2026-08-29,2026-08-31,35486.383228691135,810,33756.5710631808,1030,1282.0061115056071,696.7891655967665
2026-08-29,2026-09-01,36489.37051892141,710,34342.81625048229,1030,1327.062979770105,666.4112629193257
2026-08-30,2026-08-31,35543.84571792024,810,33926.74268347126,1030,1290.9995227614413,678.5300693046747
2026-08-30,2026-09-01,36270.59010978323,710,34018.5293654505,1030,1356.0396694076437,681.9374032057264
2026-08-30,2026-09-02,36030.92712605843,760,34318.70049364857,1030,1324.5749738345273,647.6782720234536
2026-08-31,2026-09-01,36322.99232112304,710,34162.02642299299,1030,1376.241314945184,661.0276850921887
2026-08-31,2026-09-02,36478.27234727259,790,34490.2645792999,1040,1276.6822060273491,693.9448255216682
2026-08-31,2026-09-03,36444.89256123813,780,34071.37917235167,1030,1346.235800074673,673.0903688872821
2026-09-01,2026-09-02,36801.81873860656,770,34282.33780692024,1030,1348.596384396643,686.9148569958013
2026-09-01,2026-09-03,36126.8885705394,770,34255.025809291306,1030,1357.6659998051955,672.1968849502256
2026-09-01,2026-09-04,37492.526146386976,820,35080.123900595165,1030,1309.078000563779,664.4862470945117
2026-09-02,2026-09-03,36689.22201617969,740,34729.82919850246,1030,1369.2078612200307,694.2284597831738
2026-09-02,2026-09-04,37075.10331917061,820,35023.30755015079,1030,1286.0215809028944,709.980037241626
2026-09-02,2026-09-05,32753.803486950816,840,32337.57431475235,1100,657.7803886103549,525.1707528422281
2026-09-03,2026-09-04,37523.61506276288,820,35122.46665279519,1030,1264.2017135761894,706.4192327993694
2026-09-03,2026-09-05,33172.55651965624,830,32390.638395318754,1110,706.7547957924248,553.2023820535724
2026-09-03,2026-09-06,31806.02744781096,840,31609.83218261407,1160,648.2457216642372,519.4466161906619
2026-09-04,2026-09-05,33625.77729690135,840,32392.51105099183,1090,709.6241242156275,587.7339062880062
2026-09-04,2026-09-06,31432.596023098507,850,31549.99629126258,1170,662.9760491100686,496.08834786488836
2026-09-04,2026-09-07,36905.729288821516,840,34724.27494112618,1030,1479.207477458094,687.7915560414094
2026-09-05,2026-09-06,31747.44109869199,850,31500.84114770479,1160,652.5172222678609,478.8386255134694
2026-09-05,2026-09-07,37081.38420646771,840,34642.83530774382,1030,1438.5054401584296,643.8914032507414
2026-09-05,2026-09-08,35732.80854361082,760,33948.10458145393,1030,1382.6080588988004,684.6001148334386
2026-09-06,2026-09-07,36728.061625464485,840,34120.67394386233,1030,1422.7059924796572,702.5539264849117
2026-09-06,2026-09-08,36142.56294417332,750,34586.915203321674,1030,1338.7599051335876,682.2709606471525
2026-09-06,2026-09-09,36163.904081047076,840,33821.47063421894,1030,1342.362765039407,707.9199852638374
2026-09-07,2026-09-08,35839.943738828406,710,34762.56057178578,1030,1299.6921013786748,669.968148155275
2026-09-07,2026-09-09,35798.32642130053,840,34450.22094143103,1030,1362.278948794329,699.7628534879202
2026-09-07,2026-09-10,36165.7830226284,840,34743.934359721294,1030,1340.3886686013523,679.7115392169842
2026-09-08,2026-09-09,36834.99205315051,840,34420.152497994626,1030,1303.4994383454782,695.3347868334484
2026-09-08,2026-09-10,36397.58862883055,840,35118.09223955311,1030,1298.648667315804,688.8076968265271
2026-09-08,2026-09-11,37744.06559435813,840,35435.77317686219,1030,1357.5625271340716,681.2935293308266
2026-09-09,2026-09-10,36737.17344488937,840,34648.388367024476,1030,1288.3676155430542,662.687298421543
2026-09-09,2026-09-11,38008.73066171979,840,35478.98079623236,1030,1364.7632687202163,674.2420907491305
2026-09-09,2026-09-12,34044.559393268515,840,33413.44084132105,1100,666.0041788278603,515.7766742508047
2026-09-10,2026-09-11,37987.290268116645,840,34795.79566963561,1030,1358.1842663718203,734.2647099398388
2026-09-10,2026-09-12,33923.26837454181,840,33118.08166844552,1100,694.7625655587835,520.2099815709284
2026-09-10,2026-09-13,31369.38938779045,860,31645.219939131413,1190,616.4732674900575,555.3606888497
2026-09-11,2026-09-12,33889.1797234068,840,33236.18899399461,1100,653.2364457642487,551.4481401976972
2026-09-11,2026-09-13,31944.773760451764,860,32051.607918989474,1190,653.3065238799581,583.0252432949812
2026-09-11,2026-09-14,36471.344432003956,840,34595.32830684212,1030,1375.297492337621,694.8659717597221
2026-09-12,2026-09-13,31871.19341715403,860,32237.621749507263,1190,640.3720257845214,586.0881006957757
2026-09-12,2026-09-14,36138.76633999974,840,34291.817059721914,1030,1405.0654312561076,697.0339944263255
2026-09-12,2026-09-15,35968.22575916169,840,34296.98427209569,1030,1319.1452887961436,701.6892774171783
2026-09-13,2026-09-14,36843.61893799702,840,34323.06653688543,1030,1427.0447128278986,730.4896687277075
2026-09-13,2026-09-15,36026.5296025119,840,33969.68190385868,1030,1374.6470177691833,673.0352276104794
2026-09-13,2026-09-16,36588.863911860986,840,34305.142100638936,1030,1380.2743717655233,654.4328743983215
2026-09-14,2026-09-15,36546.83312791888,840,34181.246291244555,1030,1360.6695431166117,688.404125615388
2026-09-14,2026-09-16,37254.28536911171,840,33918.68122026724,1030,1374.5497466566292,694.4761852609481
2026-09-14,2026-09-17,37311.65680328263,840,34720.49651153556,1030,1377.498647191412,638.3898844331367
2026-09-15,2026-09-16,36774.90521765664,840,34364.799579178405,1030,1359.2214729460375,657.0620363667495
2026-09-15,2026-09-17,37343.208951323926,840,34899.00503515538,1030,1359.3799645498161,646.3427480686913
2026-09-15,2026-09-18,37377.92667075832,840,34190.938832138716,1030,1357.7372040434796,666.7299273482192
2026-09-16,2026-09-17,37506.27230909537,840,34926.33823896974,1030,1377.1149620402582,644.0198403862601
2026-09-16,2026-09-18,36825.208432120206,840,34330.61515775409,1030,1376.197476961567,621.5727010876737
2026-09-16,2026-09-19,33426.19031712678,840,32216.493171225673,1090,696.5924506083046,469.94102873706663
2026-09-17,2026-09-18,37363.97912462571,830,34644.34442192239,1030,1387.9666665332038,671.4877492614927
2026-09-17,2026-09-19,33008.82692727587,840,32504.597491185763,1090,702.1706727092276,481.882339226509
2026-09-17,2026-09-20,31658.26377390167,850,31775.337158829258,1170,604.7582262870966,492.689894101857
2026-09-18,2026-09-19,33968.866719736296,840,32674.318226715048,1090,691.3984340744001,521.6700773786318
2026-09-18,2026-09-20,31268.97617703691,860,31555.504338303806,1170,663.1814867830142,465.3510309519329
2026-09-18,2026-09-21,36537.10077028778,840,33793.471146694836,1030,1378.052495407502,648.883060309722
2026-09-19,2026-09-20,31832.810539657487,850,31749.937728425535,1170,576.9208401850349,469.19416625687614
2026-09-19,2026-09-21,36827.97998714942,840,33877.52477691852,1030,1379.506918781668,647.7277868472191
2026-09-19,2026-09-22,37018.651317423784,840,34628.36524640889,1030,1382.0047356094947,722.2293361064966
2026-09-20,2026-09-21,36590.95999295124,840,33843.42562821468,1030,1445.6268852389712,644.7335564970024
2026-09-20,2026-09-22,37219.34442777208,840,34748.62746791223,1030,1364.0198444181644,683.7335735950129
2026-09-20,2026-09-23,37812.026881589685,840,34917.024566810964,1030,1353.4846573618963,728.3013589225421
2026-09-21,2026-09-22,37414.44403791009,840,34915.61425789687,1030,1368.751594979516,696.9716770221696
2026-09-21,2026-09-23,37760.57217126512,840,34604.742039428995,1030,1381.7017076528148,706.4569374128325
2026-09-21,2026-09-24,38288.46325272624,840,35389.20808383389,1030,1355.5051998901984,659.4217615044417
2026-09-22,2026-09-23,37923.350729868835,840,34812.791934910594,1030,1384.2682150504716,684.2065787584412
2026-09-22,2026-09-24,38612.475132481035,830,35225.3002138467,1030,1449.5341156256911,667.7369255860959
2026-09-22,2026-09-25,31672.33647856312,840,31793.900538436767,1090,602.4579125223681,441.08622531550543
2026-09-23,2026-09-24,38333.702543957515,840,35042.695794162675,1030,1379.8628687813748,645.8569257938597
2026-09-23,2026-09-25,31849.58119726899,840,32105.952107984092,1090,614.9415218489909,472.06695565334206
2026-09-23,2026-09-26,33611.06024216995,840,31949.08576605934,1090,604.5349272982896,488.45359301170436
2026-09-24,2026-09-25,32405.831530149007,840,32013.78196375629,1090,735.0158648889601,487.01599001066177
2026-09-24,2026-09-26,33088.427393369064,840,32292.738092874257,1090,622.0087508299106,490.258746645061
2026-09-24,2026-09-27,31721.807725111757,850,31746.990955177298,1150,600.1096501672441,464.8692264050079
2026-09-25,2026-09-26,33159.68987972532,840,31867.407878323113,1090,623.9438827761098,489.5905779629076
2026-09-25,2026-09-27,32260.606206173063,870,32295.28919573821,1150,626.4443597173654,502.918932777067
2026-09-25,2026-09-28,32400.68003526695,870,32510.628166571536,1090,717.8570836852336,473.93869404212035
2026-09-26,2026-09-27,31932.161232294093,860,31415.998039606337,1150,688.3806741552697,516.217806885847
2026-09-26,2026-09-28,32349.559108771373,870,32863.02027186431,1090,793.8131780703796,472.2213530591918
2026-09-26,2026-09-29,38557.900729358145,840,35679.08188834784,1030,1397.4820264414363,685.2401509441255
2026-09-27,2026-09-28,32299.903867257122,870,32161.17373030981,1090,828.3662128975923,534.1749971633635
2026-09-27,2026-09-29,37982.299137834394,840,35741.79357385014,1030,1417.89777410186,687.2901604591807
2026-09-27,2026-09-30,39297.17444012066,840,35808.45782258998,1040,1379.6085596151913,647.5643047802496
