Date_Time,Load_MW
2026/10/1 00:00,30112.82
2026/10/1 00:10,30152.05423265255
2026/10/1 00:20,29984.24997545281
2026/10/1 00:30,29723.701180208835
2026/10/1 00:40,29562.65613046641
2026/10/1 00:50,29328.188539480187
2026/10/1 01:00,29096.648110737715
2026/10/1 01:10,28963.13511174473
2026/10/1 01:20,28714.52417601106
2026/10/1 01:30,28542.404014504475
2026/10/1 01:40,28348.561433552484
2026/10/1 01:50,28193.209050503145
2026/10/1 02:00,28040.5536209225
2026/10/1 02:10,27894.936178938307
2026/10/1 02:20,27753.72148562658
2026/10/1 02:30,27580.12048508381
2026/10/1 02:40,27481.60959442661
2026/10/1 02:50,27353.690691324206
2026/10/1 03:00,27255.899300747315
2026/10/1 03:10,27174.036188281672
2026/10/1 03:20,27076.83269515194
2026/10/1 03:30,26930.62783513282
2026/10/1 03:40,26904.227523898695
2026/10/1 03:50,26826.35687954085
2026/10/1 04:00,26741.53771707291
2026/10/1 04:10,26698.071389277116
2026/10/1 04:20,26665.228743044005
2026/10/1 04:30,26586.830830010855
2026/10/1 04:40,26576.05696729586
2026/10/1 04:50,26592.15338811415
2026/10/1 05:00,26537.098895314088
2026/10/1 05:10,26575.015610357805
2026/10/1 05:20,26547.22406049207
2026/10/1 05:30,26492.475114184435
2026/10/1 05:40,26496.944998541985
2026/10/1 05:50,26480.42
2026/10/1 06:00,26568.838052720293
2026/10/1 06:10,26735.998921509417
2026/10/1 06:20,26802.288746828483
2026/10/1 06:30,26925.795511010056
2026/10/1 06:40,27140.044072998167
2026/10/1 06:50,27336.848591423863
2026/10/1 07:00,27562.093759880296
2026/10/1 07:10,28025.790353042365
2026/10/1 07:20,28427.96533549712
2026/10/1 07:30,28763.055187946782
2026/10/1 07:40,29324.385354200713
2026/10/1 07:50,29910.01193458264
2026/10/1 08:00,30988.51678052298
2026/10/1 08:10,32279.772837180644
2026/10/1 08:20,32924.01733140961
2026/10/1 08:30,33470.914326654456
2026/10/1 08:40,33932.41577260385
2026/10/1 08:50,34192.027623524344
2026/10/1 09:00,35605.094604644306
2026/10/1 09:10,35876.83022518323
2026/10/1 09:20,36013.44863612027
2026/10/1 09:30,36165.67148770536
2026/10/1 09:40,36313.404269490435
2026/10/1 09:50,36484.292146936255
2026/10/1 10:00,36710.54867590185
2026/10/1 10:10,36841.926210982536
2026/10/1 10:20,37066.318188229656
2026/10/1 10:30,37295.73048541237
2026/10/1 10:40,37479.50430318812
2026/10/1 10:50,37579.91250345039
2026/10/1 11:00,37769.87022627564
2026/10/1 11:10,37984.82784455598
2026/10/1 11:20,38056.23316859669
2026/10/1 11:30,38160.52288725458
2026/10/1 11:40,38187.379783177734
2026/10/1 11:50,38187.62936290477
2026/10/1 12:00,38187.87894263181
2026/10/1 12:10,38188.12852235884
2026/10/1 12:20,38188.37810208588
2026/10/1 12:30,38188.62768181292
2026/10/1 12:40,38274.09921262119
2026/10/1 12:50,38367.645540144666
2026/10/1 13:00,38661.126932973464
2026/10/1 13:10,39515.151505966314
2026/10/1 13:20,39647.06534645302
2026/10/1 13:30,39696.668396245805
2026/10/1 13:40,39858.21159533734
2026/10/1 13:50,39867.943753541615
2026/10/1 14:00,39873.31387886097
2026/10/1 14:10,39845.54494852805
2026/10/1 14:20,39781.070256637075
2026/10/1 14:30,39743.296577369656
2026/10/1 14:40,39684.29253358375
2026/10/1 14:50,39621.19015178987
2026/10/1 15:00,39525.51256782104
2026/10/1 15:10,39404.966312388606
2026/10/1 15:20,39357.50579904307
2026/10/1 15:30,39236.83749180064
2026/10/1 15:40,39144.66933480799
2026/10/1 15:50,39049.439261269545
2026/10/1 16:00,38904.44175111992
2026/10/1 16:10,38723.80031630883
2026/10/1 16:20,38594.59248673869
2026/10/1 16:30,38429.05586710498
2026/10/1 16:40,38221.46268082494
2026/10/1 16:50,37956.27737018506
2026/10/1 17:00,37300.86273330599
2026/10/1 17:10,36696.08996093166
2026/10/1 17:20,36526.52988593616
2026/10/1 17:30,36429.86605530976
2026/10/1 17:40,36414.63048257287
2026/10/1 17:50,36397.294315569474
2026/10/1 18:00,36397.16268068491
2026/10/1 18:10,36276.56477837597
2026/10/1 18:20,36276.433143491406
2026/10/1 18:30,36226.293039313925
2026/10/1 18:40,36197.384333807364
2026/10/1 18:50,36180.69837914851
2026/10/1 19:00,36149.53328266231
2026/10/1 19:10,36007.196736640224
2026/10/1 19:20,35868.00314779376
2026/10/1 19:30,35800.93561407213
2026/10/1 19:40,35663.3645929785
2026/10/1 19:50,35592.4449653417
2026/10/1 20:00,35477.44836238799
2026/10/1 20:10,35419.12716147515
2026/10/1 20:20,35314.26374068513
2026/10/1 20:30,35187.77818332642
2026/10/1 20:40,35033.953238581635
2026/10/1 20:50,34873.947170624684
2026/10/1 21:00,34718.591482843905
2026/10/1 21:10,34045.58201992641
2026/10/1 21:20,33918.998424859616
2026/10/1 21:30,33815.85078030998
2026/10/1 21:40,33703.60458362505
2026/10/1 21:50,33634.921917871514
2026/10/1 22:00,33381.98031200961
2026/10/1 22:10,33381.84867712505
2026/10/1 22:20,33220.14711481407
2026/10/1 22:30,33010.40502854764
2026/10/1 22:40,32794.91013709605
2026/10/1 22:50,32482.178592218064
2026/10/1 23:00,32181.75767705869
2026/10/1 23:10,31999.392663609313
2026/10/1 23:20,31730.321725452653
2026/10/1 23:30,31415.432186933176
2026/10/1 23:40,31124.468674641244
2026/10/1 23:50,30889.32
2026/10/2 00:00,30112.82
2026/10/2 00:10,30152.05423265255
2026/10/2 00:20,29984.24997545281
2026/10/2 00:30,29723.701180208835
2026/10/2 00:40,29562.65613046641
2026/10/2 00:50,29328.188539480187
2026/10/2 01:00,29096.648110737715
2026/10/2 01:10,28963.13511174473
2026/10/2 01:20,28714.52417601106
2026/10/2 01:30,28542.404014504475
2026/10/2 01:40,28348.561433552484
2026/10/2 01:50,28193.209050503145
2026/10/2 02:00,28040.5536209225
2026/10/2 02:10,27894.936178938307
2026/10/2 02:20,27753.72148562658
2026/10/2 02:30,27580.12048508381
2026/10/2 02:40,27481.60959442661
2026/10/2 02:50,27353.690691324206
2026/10/2 03:00,27255.899300747315
2026/10/2 03:10,27174.036188281672
2026/10/2 03:20,27076.83269515194
2026/10/2 03:30,26930.62783513282
2026/10/2 03:40,26904.227523898695
2026/10/2 03:50,26826.35687954085
2026/10/2 04:00,26741.53771707291
2026/10/2 04:10,26698.071389277116
2026/10/2 04:20,26665.228743044005
2026/10/2 04:30,26586.830830010855
2026/10/2 04:40,26576.05696729586
2026/10/2 04:50,26592.15338811415
2026/10/2 05:00,26537.098895314088
2026/10/2 05:10,26575.015610357805
2026/10/2 05:20,26547.22406049207
2026/10/2 05:30,26492.475114184435
2026/10/2 05:40,26496.944998541985
2026/10/2 05:50,26480.42
2026/10/2 06:00,26550.556140298504
2026/10/2 06:10,26683.15370137466
2026/10/2 06:20,26735.736995689553
2026/10/2 06:30,26833.70666900792
2026/10/2 06:40,27003.65575451749
2026/10/2 06:50,27159.767644465457
2026/10/2 07:00,27338.439603984814
2026/10/2 07:10,27706.259164734864
2026/10/2 07:20,28025.277737596072
2026/10/2 07:30,28291.082154012725
2026/10/2 07:40,28736.347912338257
2026/10/2 07:50,29200.88639447532
2026/10/2 08:00,30056.39231052143
2026/10/2 08:10,31080.659563245594
2026/10/2 08:20,31591.695724341804
2026/10/2 08:30,32025.512611359936
2026/10/2 08:40,32391.5909083279
2026/10/2 08:50,32597.523663451055
2026/10/2 09:00,33919.27598057178
2026/10/2 09:10,34134.82571300605
2026/10/2 09:20,34243.19598063851
2026/10/2 09:30,34363.94420961369
2026/10/2 09:40,34481.1307658789
2026/10/2 09:50,34616.68471418591
2026/10/2 10:00,34796.15891850009
2026/10/2 10:10,34900.371949086046
2026/10/2 10:20,35078.367128960104
2026/10/2 10:30,35260.34459358839
2026/10/2 10:40,35406.120098365514
2026/10/2 10:50,35485.767222499686
2026/10/2 11:00,35636.4480064455
2026/10/2 11:10,35806.95953899005
2026/10/2 11:20,35863.60061703803
2026/10/2 11:30,35946.32669066713
2026/10/2 11:40,35967.630473802994
2026/10/2 11:50,35967.82844874377
2026/10/2 12:00,35968.02642368455
2026/10/2 12:10,35968.22439862533
2026/10/2 12:20,35968.42237356611
2026/10/2 12:30,35968.62034850688
2026/10/2 12:40,36036.419209620246
2026/10/2 12:50,36110.623268064635
2026/10/2 13:00,36343.42247036732
2026/10/2 13:10,37020.863167453026
2026/10/2 13:20,37125.50161332514
2026/10/2 13:30,37164.848402272255
2026/10/2 13:40,37292.98984089447
2026/10/2 13:50,37300.709712484284
2026/10/2 14:00,37304.96947450383
2026/10/2 14:10,37279.7056443103
2026/10/2 14:20,37221.047365140555
2026/10/2 14:30,37186.68133780873
2026/10/2 14:40,37133.0001867861
2026/10/2 14:50,37075.590418410626
2026/10/2 15:00,36988.5441330213
2026/10/2 15:10,36878.8726371733
2026/10/2 15:20,36835.69364771695
2026/10/2 15:30,36725.911110638124
2026/10/2 15:40,36642.057658611135
2026/10/2 15:50,36555.41851268983
2026/10/2 16:00,36423.50156698877
2026/10/2 16:10,36259.156218418684
2026/10/2 16:20,36141.60452928991
2026/10/2 16:30,35991.00135519938
2026/10/2 16:40,35802.135635683546
2026/10/2 16:50,35560.87331201813
2026/10/2 17:00,34964.5851621345
2026/10/2 17:10,34414.370355739164
2026/10/2 17:20,34861.78757872884
2026/10/2 17:30,35116.7044446318
2026/10/2 17:40,35105.595383911066
2026/10/2 17:50,35092.954660936986
2026/10/2 18:00,35092.85873676236
2026/10/2 18:10,35004.92403403098
2026/10/2 18:20,35004.828109856346
2026/10/2 18:30,34968.26817833675
2026/10/2 18:40,34947.18926209371
2026/10/2 18:50,34935.02264576682
2026/10/2 19:00,34912.29846706287
2026/10/2 19:10,34808.51288796526
2026/10/2 19:20,34707.019016955455
2026/10/2 19:30,34658.116337818166
2026/10/2 19:40,34557.805572856065
2026/10/2 19:50,34506.094113870044
2026/10/2 20:00,34422.24363574538
2026/10/2 20:10,34379.71840323445
2026/10/2 20:20,34303.25660214927
2026/10/2 20:30,34211.02887665564
2026/10/2 20:40,34098.86645536851
2026/10/2 20:50,33982.197027060465
2026/10/2 21:00,33868.918454327446
2026/10/2 21:10,33190.72847093346
2026/10/2 21:20,33098.429260594196
2026/10/2 21:30,33023.21852914414
2026/10/2 21:40,32941.37352800776
2026/10/2 21:50,32891.29316462805
2026/10/2 22:00,32706.85917194341
2026/10/2 22:10,32706.763247768784
2026/10/2 22:20,32588.857538497676
2026/10/2 22:30,32435.922762287784
2026/10/2 22:40,32278.79328998958
2026/10/2 22:50,32050.763066381183
2026/10/2 23:00,31831.709220151017
2026/10/2 23:10,31698.736618316776
2026/10/2 23:20,31502.541815921682
2026/10/2 23:30,31272.938076924667
2026/10/2 23:40,31060.780158774258
2026/10/2 23:50,30889.32
2026/10/3 00:00,30235.5
2026/10/3 00:10,30234.082190496403
2026/10/3 00:20,30140.124982991027
2026/10/3 00:30,29845.838680950284
2026/10/3 00:40,29744.932208387796
2026/10/3 00:50,29540.127212680993
2026/10/3 01:00,29399.88510386595
2026/10/3 01:10,29245.08983494886
2026/10/3 01:20,29115.327729171015
2026/10/3 01:30,28863.72189696368
2026/10/3 01:40,28721.5370878858
2026/10/3 01:50,28567.418417156205
2026/10/3 02:00,28434.917845164287
2026/10/3 02:10,28301.168724096955
2026/10/3 02:20,28165.733725141792
2026/10/3 02:30,28054.85785552973
2026/10/3 02:40,27923.285564776932
2026/10/3 02:50,27802.581700201183
2026/10/3 03:00,27662.50532011155
2026/10/3 03:10,27538.505246051835
2026/10/3 03:20,27477.133851013536
2026/10/3 03:30,27392.07932990348
2026/10/3 03:40,27289.531873654098
2026/10/3 03:50,27173.370076300038
2026/10/3 04:00,27115.202996603733
2026/10/3 04:10,27074.15263928779
2026/10/3 04:20,26989.84253268609
2026/10/3 04:30,26898.965469096423
2026/10/3 04:40,26906.20751029064
2026/10/3 04:50,26826.26136337052
2026/10/3 05:00,26775.087105914055
2026/10/3 05:10,26768.29980550144
2026/10/3 05:20,26652.12250291855
2026/10/3 05:30,26576.9315394146
2026/10/3 05:40,26573.50685598484
2026/10/3 05:50,26483.904106903694
2026/10/3 06:00,26437.41
2026/10/3 06:10,26495.760346589177
2026/10/3 06:20,26506.396888651267
2026/10/3 06:30,26506.506505427424
2026/10/3 06:40,26599.934785048295
2026/10/3 06:50,26648.203810748015
2026/10/3 07:00,26725.415669549948
2026/10/3 07:10,26857.113275346088
2026/10/3 07:20,27018.00525979354
2026/10/3 07:30,27092.99660153997
2026/10/3 07:40,27189.40317729286
2026/10/3 07:50,27395.189104777895
2026/10/3 08:00,27652.35340836802
2026/10/3 08:10,28077.646331772703
2026/10/3 08:20,28239.533698857646
2026/10/3 08:30,28451.80541454172
2026/10/3 08:40,28645.07074883171
2026/10/3 08:50,28794.766275807517
2026/10/3 09:00,29520.10114190598
2026/10/3 09:10,29723.382696200188
2026/10/3 09:20,29759.889585972127
2026/10/3 09:30,29970.956686713023
2026/10/3 09:40,30077.86173997816
2026/10/3 09:50,30263.214609538038
2026/10/3 10:00,30410.742417354202
2026/10/3 10:10,30596.13100251906
2026/10/3 10:20,30726.981557149524
2026/10/3 10:30,30891.679123707825
2026/10/3 10:40,31088.532281598316
2026/10/3 10:50,31204.3820880673
2026/10/3 11:00,31320.27213510733
2026/10/3 11:10,31416.45027591254
2026/10/3 11:20,31532.080332551817
2026/10/3 11:30,31627.831103092904
2026/10/3 11:40,31662.684068363702
2026/10/3 11:50,31668.71013376092
2026/10/3 12:00,31668.81975053708
2026/10/3 12:10,31668.92936731324
2026/10/3 12:20,31736.664253054645
2026/10/3 12:30,31747.692924211507
2026/10/3 12:40,31797.880069128452
2026/10/3 12:50,31879.779172147224
2026/10/3 13:00,31994.98897795269
2026/10/3 13:10,32142.042784073124
2026/10/3 13:20,32184.79746090438
2026/10/3 13:30,32246.35946526736
2026/10/3 13:40,32246.46908204352
2026/10/3 13:50,32288.50743290244
2026/10/3 14:00,32314.73334558796
2026/10/3 14:10,32263.03948024547
2026/10/3 14:20,32257.762891791044
2026/10/3 14:30,32229.09998570036
2026/10/3 14:40,32212.925899224712
2026/10/3 14:50,32188.71836420116
2026/10/3 15:00,32151.625257584
2026/10/3 15:10,32138.133335909308
2026/10/3 15:20,32128.66522384387
2026/10/3 15:30,32127.995354072733
2026/10/3 15:40,32097.11285608654
2026/10/3 15:50,32045.877690471527
2026/10/3 16:00,32063.649081596606
2026/10/3 16:10,32052.863198254552
2026/10/3 16:20,32000.426083187976
2026/10/3 16:30,31943.47527884617
2026/10/3 16:40,31885.65841221245
2026/10/3 16:50,31848.45448043246
2026/10/3 17:00,31789.103892447183
2026/10/3 17:10,31765.763882415948
2026/10/3 17:20,31991.23108480215
2026/10/3 17:30,32032.698664672364
2026/10/3 17:40,32273.638121212945
2026/10/3 17:50,32307.740789113963
2026/10/3 18:00,32414.044776975457
2026/10/3 18:10,32414.044777975458
2026/10/3 18:20,32380.64487990471
2026/10/3 18:30,32369.67713556847
2026/10/3 18:40,32369.608519848996
2026/10/3 18:50,32369.539904129528
2026/10/3 19:00,32369.471288410055
2026/10/3 19:10,32315.726750905564
2026/10/3 19:20,32255.99699955583
2026/10/3 19:30,32255.92838383636
2026/10/3 19:40,32225.91782595856
2026/10/3 19:50,32143.653958045816
2026/10/3 20:00,32143.585342326343
2026/10/3 20:10,32111.386240764394
2026/10/3 20:20,32111.31762504492
2026/10/3 20:30,32046.43948051813
2026/10/3 20:40,32046.37086479866
2026/10/3 20:50,32009.907672392936
2026/10/3 21:00,31986.60238975157
2026/10/3 21:10,31443.18635431427
2026/10/3 21:20,31379.789030077725
2026/10/3 21:30,31330.67530041978
2026/10/3 21:40,31305.68205231929
2026/10/3 21:50,31160.54374544475
2026/10/3 22:00,31089.68062849874
2026/10/3 22:10,30908.529728143898
2026/10/3 22:20,30829.629237974455
2026/10/3 22:30,30681.990804851906
2026/10/3 22:40,30509.936316408235
2026/10/3 22:50,30386.68080753639
2026/10/3 23:00,30305.65888791228
2026/10/3 23:10,30128.855016421225
2026/10/3 23:20,29988.736377614572
2026/10/3 23:30,29875.743122990352
2026/10/3 23:40,29713.605642962666
2026/10/3 23:50,29606.31
