類別,起,迄,說明
is_holiday,2023-12-30,2024-01-01,2024 跨年
is_holiday,2024-02-08,2024-02-14,2024 春節
is_holiday,2024-02-28,2024-02-28,2024 和平紀念日
is_holiday,2024-04-04,2024-04-07,2024 清明兒童節
is_holiday,2024-06-08,2024-06-10,2024 端午
is_holiday,2024-09-17,2024-09-17,2024 中秋
is_holiday,2024-10-10,2024-10-10,2024 國慶
is_holiday,2025-01-01,2025-01-01,2025 跨年
is_holiday,2025-01-25,2025-02-02,2025 春節
is_holiday,2025-02-28,2025-03-02,2025 和平紀念日
is_holiday,2025-04-03,2025-04-06,2025 清明兒童節
is_holiday,2025-05-30,2025-06-01,2025 端午
is_holiday,2025-09-27,2025-09-29,2025 教師節
is_holiday,2025-10-04,2025-10-06,2025 中秋
is_holiday,2025-10-10,2025-10-12,2025 國慶
is_holiday,2025-10-24,2025-10-26,2025 光復節
is_holiday,2026-01-01,2026-01-01,2026 跨年
is_holiday,2026-02-14,2026-02-22,2026 春節
is_holiday,2026-02-27,2026-03-01,2026 和平紀念日
is_holiday,2026-04-03,2026-04-06,2026 清明兒童節
is_holiday,2026-06-19,2026-06-21,2026 端午
is_holiday,2026-09-25,2026-09-28,2026 中秋教師節
is_vacation,2024-01-20,2024-02-15,2024 寒假
is_vacation,2024-06-29,2024-08-29,2024 暑假
is_vacation,2025-01-21,2025-02-10,2025 寒假
is_vacation,2025-07-01,2025-08-28,2025 暑假
is_vacation,2026-01-24,2026-02-22,2026 寒假
is_vacation,2026-07-01,2026-08-30,2026 暑假
is_exam,2024-01-20,2024-01-22,2024 學測
is_exam,2024-05-18,2024-05-19,2024 會考
is_exam,2024-07-12,2024-07-13,2024 分科
is_exam,2025-01-18,2025-01-20,2025 學測
is_exam,2025-05-17,2025-05-18,2025 會考
is_exam,2025-07-11,2025-07-12,2025 分科
is_exam,2026-01-17,2026-01-19,2026 學測
is_exam,2026-05-16,2026-05-17,2026 會考
is_exam,2026-07-11,2026-07-12,2026 分科
is_sports_event,2024-07-26,2024-08-11,2024 巴黎奧運
is_sports_event,2026-06-11,2026-07-19,2026 FIFA 世界盃
is_shopping_fest,2024-06-01,2024-06-18,2024 618
is_shopping_fest,2024-10-25,2024-11-15,2024 雙11
is_shopping_fest,2025-06-01,2025-06-18,2025 618
is_shopping_fest,2025-10-25,2025-11-12,2025 雙11
is_shopping_fest,2026-06-01,2026-06-18,2026 618
is_shopping_fest,2026-10-25,2026-11-01,2026 雙11預熱
