p_day,t_day,p_night,t_night,ramp_up,ramp_down,date,origin
28428.078555742417,930,28870.947263701837,1090,912.5567073810016,723.1137549124724,2025-02-05,2025-02-04
28537.564535456964,940,28716.413468847943,1090,938.5114669441609,669.1442427153852,2025-02-06,2025-02-04
28616.959550766067,900,28311.114251488423,1090,880.456730792117,672.6142477198482,2025-02-07,2025-02-04
29694.234335966925,820,29872.19619353495,1090,1008.2138455185595,749.497503656512,2025-02-13,2025-02-12
29551.82652196577,820,29370.688384946,1090,1078.8651223800916,739.3141529496643,2025-02-14,2025-02-12
27425.052691524845,990,27964.143794554035,1090,674.6311968563568,541.6477532810532,2025-02-15,2025-02-12
29665.916720365327,830,29375.019557694377,1090,1037.1765564057969,782.5467171214877,2025-02-21,2025-02-20
26994.12805789191,1010,27548.96461852701,1090,612.469706711985,518.8764642817259,2025-02-22,2025-02-20
25686.38384613228,1020,26952.4257160973,1250,526.7859243759485,495.04958891257047,2025-02-23,2025-02-20
25904.36641421852,1010,27188.96325740372,1220,579.0198893129782,514.2670051915884,2025-03-02,2025-03-01
31403.081915411643,860,31065.33357762543,1090,1108.5363817352008,703.0752344547946,2025-03-03,2025-03-01
30806.80974945848,830,30040.62480103306,1090,1039.4819226056316,675.6416299589328,2025-03-04,2025-03-01
30553.792169240747,890,29830.73914144745,1090,1086.7983985140818,669.3384113833235,2025-03-10,2025-03-09
30743.971509109655,860,30112.693986409045,1090,1131.7239292990125,742.0657750437058,2025-03-11,2025-03-09
30926.900443840175,830,30213.094444049413,1090,1121.4997825576465,683.1761450394733,2025-03-12,2025-03-09
30141.90696555098,820,29679.595141274815,1100,1119.8274706303237,831.8048912652775,2025-03-19,2025-03-18
29724.01498083391,860,29381.395547705615,1100,1080.7663689518668,835.1502360098239,2025-03-20,2025-03-18
29971.47842879544,830,29376.336153577642,1100,1114.242315846819,787.5653324551895,2025-03-21,2025-03-18
32473.758481530884,840,30791.102780056954,1080,1140.757414922653,722.2271176572867,2025-03-27,2025-03-26
31521.805069507907,830,30147.27652702718,1090,1079.0912227094777,786.6455273485044,2025-03-28,2025-03-26
28011.557574140377,1000,27801.580470823596,1110,641.1251764882254,595.8809538431269,2025-03-29,2025-03-26
26239.654798608623,1000,26775.326442214944,1110,751.6403335410396,590.5364296730149,2025-04-05,2025-04-04
24813.646660363065,1020,26200.586716206726,1210,656.2755226214176,536.8557449738073,2025-04-06,2025-04-04
30782.927273610407,900,29934.790954099015,1100,1069.9794105392575,699.7805374121162,2025-04-07,2025-04-04
26838.303464296787,1020,27911.169270217742,1200,609.3023716269527,576.25669814301,2025-04-13,2025-04-12
31742.883155322594,890,30102.73758405763,1100,1159.8006518351176,671.3659904416309,2025-04-14,2025-04-12
32945.46641586311,840,30691.318578620165,1080,1100.708033531926,724.3197201072544,2025-04-15,2025-04-12
36366.14977016182,840,33541.582991789655,1060,1332.5798783522223,696.9763414639747,2025-04-22,2025-04-21
33112.5842410647,840,32036.01078281868,1050,1247.8117201340901,676.1763542955305,2025-04-23,2025-04-21
33077.44702683167,830,31200.693983591347,1060,1210.322102583279,746.726091168628,2025-04-24,2025-04-21
33360.90271822073,840,31598.30545686068,1040,1254.6385878924193,810.8355614280554,2025-04-30,2025-04-29
28216.654876223478,1000,28850.71138752738,1110,713.2993412804499,490.7183562548453,2025-05-01,2025-04-29
33410.98345280922,840,31691.00474047498,1040,1277.8628192456708,672.9010103312576,2025-05-02,2025-04-29
33703.1843888311,830,31911.768966712563,1050,1237.7924558280065,772.7646303335896,2025-05-09,2025-05-08
30571.36313578514,950,29425.683861699737,1120,701.1228565647798,646.0239100951585,2025-05-10,2025-05-08
27841.749623892643,1000,28477.552668812998,1220,623.3885736413031,575.3178199697868,2025-05-11,2025-05-08
32000.606275868082,840,31445.136855951798,1130,804.6661918232821,545.3944828117201,2025-05-17,2025-05-16
29126.70240145035,850,30013.201103370968,1210,651.2398574839317,568.4904288844336,2025-05-18,2025-05-16
37852.00799398589,840,34753.28500905667,1030,1581.723743543207,648.8289190686701,2025-05-19,2025-05-16
34410.64696050547,840,31812.103445257333,1030,1349.753832773189,793.0812553333235,2025-05-26,2025-05-25
34261.11826945083,840,31975.85846432617,1030,1270.3471051596862,812.6854766414326,2025-05-27,2025-05-25
33006.36158797623,810,31211.217224228923,1030,1247.0613203226567,808.6292055397716,2025-05-28,2025-05-25
34560.52074600554,830,31822.473203458856,1040,1267.3176282606182,843.2833106776234,2025-06-03,2025-06-02
33698.48001016216,750,31444.085468523106,1040,1267.759346694278,779.8246104152495,2025-06-04,2025-06-02
36153.29857665348,840,32839.745523505255,1030,1374.4728881461015,757.8853478189885,2025-06-05,2025-06-02
35369.89832793903,810,33354.60099452691,1030,1223.7950515938683,721.0669482951889,2025-06-12,2025-06-11
35060.99393425058,830,33165.14626136696,1030,1387.4127510130784,751.9184785832513,2025-06-13,2025-06-11
35276.461307213525,840,34345.05883266133,1090,780.8795726442222,562.2554760426538,2025-06-14,2025-06-11
39079.67786375599,830,35751.3524122254,1030,1474.9630733537451,677.4583904644642,2025-06-20,2025-06-19
35016.611905084195,840,34153.37948240439,1100,846.2503652977066,613.7785361572605,2025-06-21,2025-06-19
33103.38466620473,850,32904.41708634166,1210,650.0661709839478,547.3182634269033,2025-06-22,2025-06-19
33484.9810272555,840,34026.11180558473,1210,676.139900057613,536.0432643997265,2025-06-29,2025-06-28
40639.5576241333,840,36985.63778554265,1030,1534.293505257756,698.6127285250113,2025-06-30,2025-06-28
40556.196787948444,840,36819.6071366035,1030,1530.5549740709212,682.1383875467727,2025-07-01,2025-06-28
38750.19610402927,840,35255.991249810606,1030,1512.2905152360108,755.5873955518327,2025-07-07,2025-07-06
36435.97004592938,830,33580.55030253694,1030,1340.179232118302,749.5588627310135,2025-07-08,2025-07-06
34784.56031304501,700,32708.011429446997,1040,1294.394144912043,735.8154947118237,2025-07-09,2025-07-06
39287.14123724588,840,35935.11726664028,1030,1492.5572508926307,658.6098786382208,2025-07-16,2025-07-15
38729.145874447015,840,35938.29478822568,1030,1545.73531873104,659.9773776532929,2025-07-17,2025-07-15
36294.963346321674,830,33282.77284781355,1030,1374.5164569683293,679.6700052351334,2025-07-18,2025-07-15
35217.01794123962,830,33265.5901455743,1030,1269.815211394205,777.0528513486861,2025-07-24,2025-07-23
35791.00651223384,830,33738.547401861324,1030,1331.7351272909182,738.7592945394863,2025-07-25,2025-07-23
33828.647954837725,840,33257.454987690944,1100,745.4979182670031,556.9625294564976,2025-07-26,2025-07-23
33630.47988218953,830,32237.611118708526,1130,651.1160381232585,530.004319368054,2025-08-02,2025-08-01
30652.336776997636,840,31770.721598489035,1190,634.193360006153,491.09194376441155,2025-08-03,2025-08-01
35569.595000802845,830,33655.408438877515,1030,1379.9893878239927,644.4753835437696,2025-08-04,2025-08-01
32740.10968606241,850,32776.03014181312,1200,654.339114426959,548.5720070564857,2025-08-10,2025-08-09
38809.34091674849,840,35943.50148873802,1030,1537.2355927533463,711.3810686330398,2025-08-11,2025-08-09
37295.57248501615,830,34208.94159523136,1030,1391.5153074524933,641.4476795621304,2025-08-12,2025-08-09
39061.345326606934,840,35051.47789296932,1030,1328.0348040372955,701.8042123968407,2025-08-19,2025-08-18
39321.38959902314,840,35809.81234470745,1030,1440.561490786964,662.2286041732441,2025-08-20,2025-08-18
39420.18826178938,840,35931.18040348283,1030,1469.3653729388498,632.9343907540824,2025-08-21,2025-08-18
40171.915833548665,840,36974.68433298798,1030,1445.6030092890105,697.0271176245878,2025-08-27,2025-08-26
39843.12061295197,830,36421.079850036236,1030,1396.518037828504,674.6169671684693,2025-08-28,2025-08-26
40073.414163541325,840,36492.05112356435,1030,1363.6975327476503,726.9007107765938,2025-08-29,2025-08-26
39435.43935165789,830,36420.96828793232,1030,1496.4013994786947,666.9595046566537,2025-09-05,2025-09-04
35252.742257125035,840,33679.75955579812,1130,733.0550483269362,540.100241457465,2025-09-06,2025-09-04
33573.99527584335,840,32634.65714632328,1190,626.6009398878086,504.184179163145,2025-09-07,2025-09-04
35805.332294650674,840,33400.94334126317,1130,713.5077914048925,553.1582448820664,2025-09-13,2025-09-12
33653.72704547992,850,33154.91576911241,1190,606.7297340078258,503.7773932043747,2025-09-14,2025-09-12
39687.45702286751,840,36508.13847652327,1030,1493.0556848715714,680.1919135884236,2025-09-15,2025-09-12
34487.742976061556,840,32821.41778492342,1130,721.1776097261027,557.2464652973649,2025-09-20,2025-09-19
32887.80299904105,840,31798.94706139243,1180,611.7651139095069,512.2595249534861,2025-09-21,2025-09-19
35752.39648603928,840,33854.28689721572,1040,1376.3460685156788,731.4140230098565,2025-09-22,2025-09-19
32397.758103434793,840,32644.551430122705,1190,641.3703752451656,530.4680810827886,2025-09-21,2025-09-20
36396.452863809165,840,33519.740981566065,1050,1357.4465348067351,679.8280117392787,2025-09-22,2025-09-20
38651.165769325904,840,34985.96190732746,1050,1339.0791603305188,698.2910184271168,2025-09-23,2025-09-20
36582.12347346531,840,34278.26960944358,1040,1411.5680440316683,700.5515488941928,2025-09-22,2025-09-21
38485.94128726968,830,35133.73862317149,1060,1391.3589334073004,686.7943788303528,2025-09-23,2025-09-21
39294.60198598068,840,35371.67112702399,1070,1373.1784636222328,682.2785377276196,2025-09-24,2025-09-21
38371.689005288026,840,35464.83064707113,1060,1332.6375821710535,711.2454048944273,2025-09-23,2025-09-22
39115.87403827412,840,35486.1980165344,1070,1366.10346633285,697.1448700725268,2025-09-24,2025-09-22
37939.44683231335,840,34750.978607410645,1040,1383.1174216303189,748.9713214959702,2025-09-25,2025-09-22
38846.342006525105,840,35773.96173115726,1070,1379.6097788159204,708.9597096451034,2025-09-24,2025-09-23
38241.06083971947,840,34835.52647969395,1050,1341.1586277491733,750.6126774844415,2025-09-25,2025-09-23
39174.3024678318,840,35229.68501904554,1040,1387.0904647952593,737.6180917913771,2025-09-26,2025-09-23
37659.11478567524,840,34445.998692363115,1040,1382.691106411712,732.3132270370661,2025-09-25,2025-09-24
39303.23805412514,840,35098.06653310613,1040,1342.9153675091693,768.7517051981376,2025-09-26,2025-09-24
34911.50782250035,840,33416.6984842113,1110,708.6358991729685,550.4043296198324,2025-09-27,2025-09-24
38790.12929342559,840,35193.08394188994,1030,1434.4427806436215,755.2807429209606,2025-09-26,2025-09-25
34911.69849050574,840,33045.28352558664,1110,651.6681185565103,571.9826736130126,2025-09-27,2025-09-25
32681.97278311552,840,31864.57407635879,1190,650.4646527107361,544.9785962589158,2025-09-28,2025-09-25
35209.66868612035,840,33454.607551515255,1110,679.3314219879685,557.8688307967095,2025-09-27,2025-09-26
32739.259681526164,840,31771.89237652631,1190,650.7199189495223,510.4003173608471,2025-09-28,2025-09-26
38005.636118685914,840,34527.650140986574,1050,1438.561872262304,689.6129250979393,2025-09-29,2025-09-26
32818.746188595585,840,32158.365367671835,1200,656.5746983441859,504.23252622802465,2025-09-28,2025-09-27
37799.59053721182,840,34672.9375736013,1060,1407.3872415676196,704.3544185003921,2025-09-29,2025-09-27
38376.619599161924,840,35142.86851389242,1070,1414.9789440469067,699.6421018411893,2025-09-30,2025-09-27
38452.05195722851,840,34826.64602850866,1040,1402.2544380446634,687.5575984635216,2025-09-29,2025-09-28
38689.179224017535,840,35154.95582047385,1070,1396.0555904942848,727.5265846292532,2025-09-30,2025-09-28
38529.6172785601,840,35254.59261502835,1070,1472.5587585811008,704.6711202678562,2025-10-01,2025-09-28
37546.478774334144,840,34486.14185241236,1070,1367.1630960897455,660.457249231782,2025-09-30,2025-09-29
38405.219601998004,840,35060.57771794862,1070,1417.7034669119785,655.9742745005278,2025-10-01,2025-09-29
38273.09045069655,840,35277.34582154912,1050,1403.9872982171328,696.0593202631462,2025-10-02,2025-09-29
38671.44082414175,840,35253.97314797995,1060,1381.5542840845956,710.324421914378,2025-10-01,2025-09-30
38770.78251013294,840,35285.496516486965,1050,1373.8220203693818,667.3950347394639,2025-10-02,2025-09-30
38587.65243720922,840,35773.3886129882,1030,1426.6595512227468,672.4412945167423,2025-10-03,2025-09-30
38999.33852245515,840,35636.48181531077,1050,1431.8950497767946,690.0313829419829,2025-10-02,2025-10-01
38776.214974450726,840,35527.031671608784,1040,1472.0646208648068,658.8394862614841,2025-10-03,2025-10-01
34747.99189840722,840,33273.67016955604,1100,669.706301647846,536.0734580152603,2025-10-04,2025-10-01
38987.467813490715,840,36130.74668759951,1030,1403.100386834809,662.5110198900184,2025-10-03,2025-10-02
35002.42022057593,840,33220.82162604725,1100,658.4641447678914,518.8016486631859,2025-10-04,2025-10-02
32830.6012107776,840,31774.154863202457,1170,574.3118178650693,486.9059154049828,2025-10-05,2025-10-02
34635.75857760595,840,33254.089184190365,1100,688.505867444459,508.43454086171187,2025-10-04,2025-10-03
32964.42776098752,840,31721.76766695212,1170,609.1550314389206,483.21079274671865,2025-10-05,2025-10-03
32530.254255885822,930,31871.349164886924,1140,646.5647224987551,489.5069457399586,2025-10-06,2025-10-03
32680.604178245263,840,31949.157651277823,1170,592.3370482199716,534.9307948195019,2025-10-05,2025-10-04
32283.588888405997,930,31834.534139555464,1140,685.6671901189657,498.98550874900684,2025-10-06,2025-10-04
38779.4400402461,840,35384.84616916892,1050,1438.7915988056848,706.7466320991152,2025-10-07,2025-10-04
32083.665143057544,930,32254.679023109817,1130,678.434714305964,490.6622994858735,2025-10-06,2025-10-05
39018.6430900812,840,35437.32198568483,1040,1443.1636938292504,721.2507775811682,2025-10-07,2025-10-05
38624.00056764109,840,35064.19954475866,1070,1424.4357903934942,703.8143074527761,2025-10-08,2025-10-05
38532.938601743204,840,34875.239274196334,1030,1389.887834134799,702.9475574893186,2025-10-07,2025-10-06
38792.48695268898,830,35231.706898073215,1070,1413.226323105504,717.5723885556399,2025-10-08,2025-10-06
39070.68671782712,840,35641.18489455911,1050,1400.9142907870555,734.5546642542176,2025-10-09,2025-10-06
38694.57377308485,830,35040.72558424505,1060,1342.9985615946862,700.5859449047421,2025-10-08,2025-10-07
38925.83161709245,830,35834.8980494324,1050,1379.4788958399877,677.8626344400254,2025-10-09,2025-10-07
32702.032374823502,840,31808.480515796135,1090,620.9316101806835,504.7338401707311,2025-10-10,2025-10-07
39159.35930953152,830,35729.151882058446,1050,1360.2826522089672,665.9011050927766,2025-10-09,2025-10-08
32956.71960456304,840,32164.647261819053,1090,635.3206266203524,492.216114942632,2025-10-10,2025-10-08
34081.368998890095,840,32532.17627150455,1090,592.4650594700761,500.3038435595008,2025-10-11,2025-10-08
33482.58143545397,840,32569.780984712284,1090,665.3679091003614,517.2427358840359,2025-10-10,2025-10-09
34235.71257191885,840,32524.38979443307,1090,607.4350155062493,505.14506382240506,2025-10-11,2025-10-09
32450.075403540166,840,31920.1453601338,1140,567.8000010841242,474.06275192826433,2025-10-12,2025-10-09
38168.22095938245,840,35363.0452718494,1070,1370.6918757283129,651.7053018368242,2025-10-17,2025-10-16
33135.80794749882,850,32492.601781688256,1080,619.0534720585383,480.7607832723479,2025-10-18,2025-10-16
31098.517060986112,960,30889.04256141454,1140,580.7077690358092,476.6719801351974,2025-10-19,2025-10-16
29363.966593439927,970,29265.75914508369,1090,529.1900580056063,473.66954277471086,2025-10-25,2025-10-24
29336.044992498562,1000,28626.61591778943,1140,556.5076564574119,498.0949434211434,2025-10-26,2025-10-24
32677.310438020802,850,31660.182416377054,1070,1203.3168968886057,703.4903288622481,2025-10-27,2025-10-24
32643.355232916932,850,31068.49442849089,1070,1201.3801507319695,727.5372257506642,2025-11-03,2025-11-02
32977.755286169566,840,31386.11295635816,1070,1185.8383270219638,668.8496821283479,2025-11-04,2025-11-02
33618.77291757492,840,31460.40268146656,1060,1205.6960318379643,675.1391498595258,2025-11-05,2025-11-02
33058.71663813222,840,32107.54040811385,1070,1204.7534947148088,661.1750257106032,2025-11-11,2025-11-10
32486.34964672433,830,31537.478521623954,1060,1161.0319283943209,691.5161492640073,2025-11-12,2025-11-10
32408.627691242527,830,31084.38023439159,1070,1146.0910924214804,746.7411783998941,2025-11-13,2025-11-10
30875.935885328094,850,30149.34600546736,1070,1131.4835854441917,694.0499449296258,2025-11-20,2025-11-19
30840.462218806544,820,29859.05969980292,1060,1086.4506910129057,658.8584327360695,2025-11-21,2025-11-19
28830.878261533184,950,28761.936681682004,1070,681.6590196300931,486.4148170110748,2025-11-22,2025-11-19
30359.130068765815,820,29599.825312236473,1070,1092.104646449705,661.5197359692247,2025-11-28,2025-11-27
27408.57543733274,980,28048.144136131777,1070,670.4958974096699,452.2540394778989,2025-11-29,2025-11-27
26801.192628690926,1010,27882.400295441956,1100,638.676183282776,445.6301248927848,2025-11-30,2025-11-27
26709.98467772675,1020,27535.187497530645,1090,572.5284978267591,423.9715569369728,2025-12-07,2025-12-06
30850.973771186225,850,30047.162916137277,1070,1053.239081091022,680.4969579902136,2025-12-08,2025-12-06
30551.456378135863,830,30187.894845946044,1070,1085.197968910241,637.522728858723,2025-12-09,2025-12-06
29834.930277917392,890,29593.145500029274,1070,1052.3675544949656,599.546473952938,2025-12-15,2025-12-14
30279.884666054128,840,30095.38246015314,1070,1101.35231584344,618.542019083241,2025-12-16,2025-12-14
30311.983841526806,830,29806.608432482157,1070,1031.5951897691702,626.2994908414548,2025-12-17,2025-12-14
30023.03458190264,840,29774.724795634083,1070,1069.1425171564006,689.3342281964105,2025-12-24,2025-12-23
26402.420677740036,1020,27892.629043426452,1090,566.5394074903379,472.8786632857591,2025-12-25,2025-12-23
29674.565265564343,830,29199.870766030333,1070,1036.8330988700254,656.8871295141362,2025-12-26,2025-12-23
26400.173525512415,1000,27772.29528924644,1090,551.0095843193558,469.16356764663215,2026-01-01,2025-12-31
29076.74104915197,830,29320.10486223485,1070,1087.278120995601,634.2069991714525,2026-01-02,2025-12-31
26913.466493084026,990,27578.69575160581,1090,624.1925933779821,450.048565814639,2026-01-03,2025-12-31
27423.818343160125,1000,28044.85865764014,1090,641.9509445922376,514.4028978657298,2026-01-10,2026-01-09
26226.593358637663,1020,27313.844856873446,1220,577.6775631059936,471.52000673198563,2026-01-11,2026-01-09
29441.05314267378,860,29650.08660315283,1080,1045.6880158200875,705.3446833129237,2026-01-12,2026-01-09
26088.905323569234,1020,27564.241795686394,1220,515.4308754560516,495.40112995423624,2026-01-18,2026-01-17
29494.13889218289,920,29651.17818190395,1080,1064.585999302959,706.7844908637526,2026-01-19,2026-01-17
29452.47285568641,890,29797.484239211317,1080,1032.6328141926097,720.4698179531988,2026-01-20,2026-01-17
30214.858716204675,890,29662.054174830664,1080,1005.0855375127976,715.5000764256365,2026-01-27,2026-01-26
29708.91402712011,910,29386.752889617568,1080,986.1017848056617,730.1991719014804,2026-01-28,2026-01-26
30012.87647924088,900,29692.97983787558,1090,975.1977830408214,690.4842964419113,2026-01-29,2026-01-26
30764.74906757215,860,30069.57246284423,1080,1006.5907049086854,663.2037387831078,2026-02-04,2026-02-03
30694.929912529085,850,30190.227962333982,1080,963.949620500407,725.017078391691,2026-02-05,2026-02-03
30040.65486459133,840,29457.60119330096,1080,957.8976949326825,658.6440930610406,2026-02-06,2026-02-03
30237.329517477447,840,29702.47908125164,1080,992.8568150619685,702.5912328972663,2026-02-13,2026-02-12
26644.682647207803,990,27049.604346115862,1090,613.9404106592956,474.87290172279245,2026-02-14,2026-02-12
25536.82950257335,1020,26914.324469672058,1220,553.2182794141809,465.89679867435916,2026-02-15,2026-02-12
23963.489912214478,1010,25043.544960013856,1120,495.9380847861321,401.34380899907046,2026-02-21,2026-02-20
23941.764295004752,1020,25141.585011564937,1190,534.45893739842,447.7525225261852,2026-02-22,2026-02-20
30321.85566199127,900,29927.66568424074,1080,1029.4206694556233,707.89150457297,2026-02-23,2026-02-20
30446.00507980902,930,29850.751396623386,1090,1130.6859854013674,710.5977872364128,2026-03-02,2026-03-01
30104.128713722235,860,29972.860316752027,1090,1084.115714061838,739.7889320458853,2026-03-03,2026-03-01
30439.937951269418,850,29977.000147377792,1090,1097.0746113401656,665.0635017220884,2026-03-04,2026-03-01
30463.707284392938,850,29954.817504535542,1090,1147.2807333034325,726.080145318545,2026-03-10,2026-03-09
30233.874048386548,830,29934.85194110728,1090,1070.86378217948,751.2032481750648,2026-03-11,2026-03-09
30078.032192236882,840,30061.504611909426,1090,1047.2062580374477,736.2360538694738,2026-03-12,2026-03-09
31296.899442957478,860,30592.500015035293,1090,1067.8969980142501,706.6099170592897,2026-03-19,2026-03-18
30933.457293324307,870,29897.496221641537,1090,1068.9216128585394,708.3191534333091,2026-03-20,2026-03-18
27050.985694163806,1000,27955.84886008896,1090,664.8437935683905,505.9871155741166,2026-03-21,2026-03-18
32559.301729827024,830,30651.700532431274,1080,1165.8119125508238,678.7968275105159,2026-03-27,2026-03-26
27613.012233595236,990,28151.41910342877,1090,743.7973791127333,540.5103342733128,2026-03-28,2026-03-26
26986.182631754084,1010,28120.02609082434,1180,646.6940115452453,532.820137666291,2026-03-29,2026-03-26
26733.129843903327,1020,27634.201684363914,1160,642.3108807493336,582.1188368222938,2026-04-05,2026-04-04
32119.753142117177,870,30511.384693288495,1070,1170.227809909611,685.1300462510953,2026-04-06,2026-04-04
32091.39116651109,850,31681.05696625261,1080,1151.0019771674451,708.922338227796,2026-04-07,2026-04-04
33678.566708028346,860,32219.155330535355,1050,1183.801328317677,672.3715168150811,2026-04-13,2026-04-12
34348.55845066744,840,33094.704091609274,1050,1262.4347905122886,677.9849882279632,2026-04-14,2026-04-12
34036.925001061136,850,32444.58095559806,1040,1209.0062400140523,666.2987462965903,2026-04-15,2026-04-12
34402.24391225797,850,33138.33305691094,1040,1181.7553716903458,724.1528143715441,2026-04-22,2026-04-21
33045.33570058136,840,31490.86336569898,1040,1174.5380240694903,714.9599634410224,2026-04-23,2026-04-21
32599.220095044635,830,30871.64007195551,1050,1122.1487240501738,722.108003224148,2026-04-24,2026-04-21
32562.322623912318,840,31604.289401250157,1060,1172.6575152829573,655.515111736182,2026-04-30,2026-04-29
29488.30452547423,1000,30140.320801767444,1120,666.8128778827813,518.616085701884,2026-05-01,2026-04-29
30739.747289739218,860,30968.181028100706,1110,670.6464647836983,506.20453724335675,2026-05-02,2026-04-29
30415.773521247065,960,30307.26893728343,1090,669.6970116981793,541.7279275710462,2026-05-09,2026-05-08
28182.398353182467,1000,29002.75391097735,1180,611.1442652195183,513.2800764231943,2026-05-10,2026-05-08
33460.12446294963,860,31831.40140626159,1030,1268.4082900139183,674.7909646107582,2026-05-11,2026-05-08
29359.1866094398,870,29658.190507125095,1180,683.5316710576408,554.5810706875309,2026-05-17,2026-05-16
34791.066792833,840,33021.1218070983,1030,1351.2494004886648,768.2726741194747,2026-05-18,2026-05-16
35924.44743552159,840,33925.96945234132,1040,1422.6790055569509,762.6661529341072,2026-05-19,2026-05-16
39888.091113166025,840,36836.4573619904,1030,1474.445837677944,717.5754796305555,2026-05-26,2026-05-25
39791.76810163871,840,36928.254118404875,1030,1467.5282281277214,701.151386758007,2026-05-27,2026-05-25
38631.93499109197,840,35242.542292124475,1030,1376.9911828124314,749.3076834524036,2026-05-28,2026-05-25
38850.81327872408,840,35804.76731289342,1030,1432.0861701716894,677.556856284049,2026-06-03,2026-06-02
35926.29010262601,780,33862.91063412517,1030,1323.2536146036873,692.5955213634916,2026-06-04,2026-06-02
35636.40197920526,840,33734.74723422831,1030,1348.1271802731317,707.1755317752613,2026-06-05,2026-06-02
35095.46597041518,840,33176.085926105276,1030,1314.1490663925797,698.2944331965955,2026-06-12,2026-06-11
32683.54574174486,830,31647.276236771286,1080,702.4780001040999,603.5159218273875,2026-06-13,2026-06-11
30740.502234528725,850,30822.943191628852,1190,615.8534737469927,538.6941379572636,2026-06-14,2026-06-11
33876.97605030393,840,33458.87666278514,1070,707.0976630997029,558.4823692207501,2026-06-20,2026-06-19
33355.09934228046,860,33383.77526790892,1160,891.6574618305676,579.1120571300598,2026-06-21,2026-06-19
39469.67916635055,840,36349.695106688254,1030,1595.972508970517,679.4437541835068,2026-06-22,2026-06-19
