origin,s_peak_mw,s_peak_time,s_ramp_up,s_ramp_down,s_under_penalty,total_score
2025-02-04,0.03498008455610785,10.377927715771191,0.09847277373020229,0.14218288174240365,0.026514031613510958,1.633180443946625
2025-02-12,0.016546581573204995,8.790690221519961,0.3372778618821799,0.07502158917642365,0.020853049615471485,1.4074783699873579
2025-02-20,0.012367419251842392,4.796929818968696,0.15663593780373403,0.07688502817187022,0.004535470773675948,0.762679288657833
2025-03-01,0.02200998803893425,6.258348801629994,0.2002583364490135,0.2262146866513863,0.041682184864077404,1.0463007170644276
2025-03-09,0.010496573281532286,6.589202377705838,0.0701786817791122,0.08563643209032284,0.007940061368706097,1.0217088074694005
2025-03-18,0.014434015534769973,13.955500991734281,0.10068009354241185,0.2752461102440986,0.00036023504480003514,2.1449724181815757
2025-03-26,0.018510034102154075,7.503143477532191,0.08978160076824097,0.16474637051944843,0.002587829402776191,1.1691072486610783
2025-04-04,0.01639885704372599,4.341228095219256,0.16332614765300354,0.1269484114753646,0.0243776317144195,0.7225949235190305
2025-04-12,0.036907723793153366,11.286140667824812,0.21968913456421138,0.07709868997957149,0.017220698206638626,1.772949671838841
2025-04-21,0.03231341233277011,3.4181110315387233,0.17948254637524644,0.30046215804862403,0.04796012843529556,0.6370334283269155
2025-04-29,0.030798925382453275,2.199340836216691,0.2780490863875921,0.17668579367463924,0.004368243568007797,0.4121246665555861
2025-05-08,0.044035847376977855,5.580898638006617,0.25076714062720823,0.24994945607172078,0.03023320311938401,0.9563995239478166
2025-05-16,0.02760273468547961,2.7155426841716173,0.035876225849481046,0.15177275571806406,0.01579585447551179,0.4602476073617707
2025-05-25,0.046714631668009106,9.48053831674746,0.06861815894784959,0.31267746394993856,0.013694086712143205,1.5053640834622388
2025-06-02,0.036597727382703726,13.605530217775218,0.12615233447887075,0.14020061898041244,0.03489512558187275,2.130626206747649
2025-06-11,0.03886570833673441,15.583189175707645,0.17424562150112888,0.11228286465422604,0.015914956030656957,2.414077887079436
2025-06-19,0.008867723071004776,2.1422433326962036,0.21030462297829877,0.07271024805903332,0.0012746362696337233,0.3667484882693152
2025-06-28,0.02653481522100328,2.322206306024449,0.05995972845346655,0.1188055476905621,0.000573354794211142,0.38569970386755664
2025-07-06,0.09191436397381539,9.182319653895572,0.6457515605804306,0.06563210706727907,0.00032721306962881186,1.5362497243320463
2025-07-15,0.028676099692824232,1.1486983549970349,0.12610019140319642,0.15028042716383902,0.017629368266187696,0.2410828527583008
2025-07-23,0.025447396860825172,5.475125747714982,0.1066313039556394,0.03574132295965258,0.012304650002890195,0.8684107781659437
2025-08-01,0.023820804015877224,18.431699594870913,0.2811871851360273,0.09910008127390679,0.000012555713482138826,2.8311480632514403
2025-08-09,0.0250531787503507,2.221735355193644,0.09366559500437129,0.10788741892044003,0.015548166873379062,0.38867895854533574
2025-08-18,0.025575704884070363,2.7474104656562677,0.06955880724871978,0.10121115350828304,0.002248139466618034,0.4502600686836367
2025-08-26,0.028215238508479484,5.151609082942112,0.11373596894196832,0.08134225560667875,0.01848755697924904,0.8333526834276167
2025-09-04,0.011713577083496362,1.2130052738485961,0.11936397921462583,0.15793047137093338,0.02559909552336611,0.24827567687004057
2025-09-12,0.01238236641646152,4.75694693506669,0.09075745528620933,0.13574991456185917,0.0036274376172704815,0.7517875074762681
2025-09-19,0.023521976320641506,8.661405391502228,0.15523659003031512,0.05272240085420079,0.008784256962941743,1.3506659800706282
2025-09-20,0.03846124919081977,11.365188886013822,0.07366333126086745,0.026623105639849026,0.006751978303579098,1.7483188709732596
2025-09-21,0.047197627192811384,10.568176860568153,0.045341019260576064,0.09052593820298042,0.0044775819866252784,1.6338764340969194
2025-09-22,0.039630388738881556,5.288138990381777,0.07043367867872218,0.09393470114900011,0.004100085054840365,0.8410576887721442
2025-09-23,0.03201386130886566,3.2770663949994256,0.06070438239740158,0.09000293922077846,0.007428002887896632,0.5363022302048178
2025-09-24,0.024882746859649196,3.0608336100004143,0.06605095654287983,0.14977519671590353,0.0039430314879325325,0.5028828842568065
2025-09-25,0.023962049787816436,5.131355150346623,0.15077563345732176,0.3570626599628528,0.0009111930152018085,0.8433143064547686
2025-09-26,0.04497781221667551,5.975021936448331,0.7248382737601441,0.37997102532495536,0.001263496783231323,1.0712263181770032
2025-09-27,0.04718582092027851,5.592122484782653,0.6960694509762883,0.22677804980341043,0.0015037108743512953,0.9957217987707006
2025-09-28,0.05010270518687403,3.8139202422419594,0.5991726569337061,0.09021049855276002,0.007312055950506538,0.7083586637942568
2025-09-29,0.01938929551056376,1.762571392180941,0.09138343015629768,0.07449532238160349,0.013420051230353607,0.310596384125438
2025-09-30,0.006128783321027114,1.2162327849990118,0.044899753008942105,0.10261274239180158,0.006496668929837154,0.2096050938628267
2025-10-01,0.009823904414362164,3.4437330616660926,0.09342179246222232,0.10777892494315672,0.0027108939954661286,0.5499563572576462
2025-10-02,0.011780756729240578,3.3007996281424945,0.1521549866906974,0.0964540451215558,0.0023973458473181748,0.5370543966219968
2025-10-03,0.013134256819261619,6.286837397774728,0.2621785895993911,0.06269344017798552,0.0031032117980581294,0.9996055080135315
2025-10-04,0.011909016471489748,4.532376376814162,0.21411057274889633,0.12867267418170256,0.0015529005174206066,0.7335386202529435
2025-10-05,0.011922136842068644,4.532376376814162,0.14849016166992032,0.12554819259838543,0.0018616990285224696,0.7236997811662146
2025-10-06,0.01739239913126252,1.762571392180941,0.10633322784760497,0.14949584698377427,0.0007586778829779427,0.3064793950643948
2025-10-07,0.02211733172358867,2.218770195322033,0.1668171224268836,0.15668826850901768,0.003982608010636884,0.39075993155802935
2025-10-08,0.026397563007807524,3.02687380661953,0.35046089422445154,0.16696645472273342,0.003481590131100308,0.5426169785346554
2025-10-09,0.01752150169064423,4.707380816734345,0.37032367725806364,0.2134124362238198,0.0030167239841632286,0.796526542719793
2025-10-16,0.028578348583489052,2.93474062904224,0.18622278982751994,0.08221180645987418,0.02490044113170813,0.518413143758253
2025-10-24,0.026991172439043015,9.014673989577819,0.08919450974882702,0.19968729869188948,0.009100787565259666,1.410844495796871
2025-11-02,0.022223994884204575,4.276921176367694,0.14188681793152724,0.12269201069895101,0.002105493304694376,0.6905302904499954
2025-11-10,0.04752529059607395,8.241110720561103,0.4626419309862729,0.37171107455679814,0.0,1.3712491795454305
2025-11-19,0.02395502251611905,9.038730202168544,0.14879110472193022,0.11025619448843764,0.005222880745377654,1.4087497097374637
2025-11-27,0.015659275551272694,5.525835789245007,0.20105197010604722,0.15978010614550994,0.0,0.8844067398479726
2025-12-06,0.008283390348306338,7.15837584861163,0.18693938704780333,0.042199015612824915,0.0010327498457440396,1.1120199709649252
2025-12-14,0.006494488790902192,9.40825942896912,0.10392688119196618,0.0760270967176767,0.002608123508909659,1.4409354729793817
2025-12-23,0.024763065132094295,9.384068842873955,0.12386452170763584,0.06632601390066956,0.015006256895766273,1.4626867020523284
2025-12-31,0.02190640985451691,11.657795054649128,0.28767342477337865,0.2831802204561082,0.0,1.8332821398716967
2026-01-09,0.014118711341243128,4.0844216245117515,0.0887407283812673,0.0957181548371856,0.007690210224901288,0.6517076054473185
2026-01-17,0.010850206519329386,3.942236572773325,0.06731776981096166,0.06451459841693939,0.011940184214825376,0.6263349193557599
2026-01-26,0.010722929859034416,10.699963840538583,0.03575223837184751,0.11403475455214256,0.004051028092740597,1.63224567329994
2026-02-03,0.013760178491471983,9.456894137826927,0.16131737925479664,0.22900942513152114,0.02186108778371885,1.4957498649540126
2026-02-12,0.04462329835323681,10.284728751960976,0.3718328352070052,0.23505982046364826,0.021232833703640604,1.669997032837145
2026-02-20,0.022013591219473248,3.5576060988499987,0.391909586636115,0.24210709780294817,0.006579030746104105,0.6364252480809999
2026-03-01,0.021825009680267557,11.469703355600807,0.09478681161083151,0.09692284516581529,0.022675264890774406,1.7801360802972621
2026-03-09,0.007205425521739039,12.882702111773076,0.10672574372896255,0.21852796207074565,0.003194427882699247,1.9777846577281228
2026-03-18,0.008266320284888735,2.361703628845631,0.11685011774625259,0.1996397978854723,0.005774511678403489,0.4024813456266665
2026-03-26,0.010334124355811089,5.439066453552587,0.34715126892650566,0.19244375731872876,0.013587931896932932,0.9069654406141564
2026-04-04,0.037175457474429796,12.085473032891224,0.3070966519406439,0.11489502187711965,0.0032867387355073356,1.8959669681326574
2026-04-12,0.03797215140283811,9.682582105809491,0.13800686322486336,0.07511698117846509,0.02954435831235471,1.5329276926270572
2026-04-21,0.04016066105766117,10.388795890994635,0.08750980834006432,0.14038585631821035,0.03341833884094045,1.6429991760075628
2026-04-29,0.03758138056940761,15.096784473232882,0.14985517851549374,0.08382538220189617,0.000563760427564742,2.318491074751655
2026-05-08,0.013361824677980791,4.890308457722808,0.18538894111152968,0.32993230904744375,0.0006755311317345084,0.803040466668418
2026-05-16,0.014920088074146028,5.483616984100726,0.18338128736842396,0.10502917680199798,0.009150467618646341,0.8786551788637063
2026-05-25,0.04348948672441318,3.7937490728381973,0.12430004786720632,0.11804195605098318,0.02419033197753937,0.6497955877230962
2026-06-02,0.03162816458791768,5.432468474053754,0.18197201317099432,0.062466147454366176,0.012477753925496066,0.8798673405073956
2026-06-11,0.02134952723056078,15.683091982094862,0.3766417703176561,0.15327788533270434,0.04943688421281847,2.486534451946303
2026-06-19,0.011918865881317606,11.946875011391409,0.3781137992291525,0.23484663512420192,0.002716940199054082,1.8821012448333492
